Severity,Source IP,Destination IP,Beacon Score,Total Duration,Long Connection Score,C2 Over DNS Score,Prevalence,Connection Count,Total Bytes
Critical,192.168.1.36,::,0.806,92322.68,0.8,0,0.375,23729,301984144
Critical,::,::,0,0,0,0.8,0.2,0,0
Critical,192.168.1.31,::,0.99,5575.189,0.23657757,0,0.33333334,19,185936
Critical,192.168.1.30,::,0.977,5284.1416,0.2311878,0,0.33333334,18,176572
Critical,192.168.1.30,::,0.993,4219.273,0.21146801,0,0.33333334,15,143064
Critical,192.168.1.31,::,0.993,4129.1294,0.2097987,0,0.33333334,15,139036
Critical,192.168.1.30,::,0.861,1550.1089,0,0,0.25,791,1961678
Critical,192.168.1.31,::,0.846,1125.3073,0,0,0.25,776,1984613
High,192.168.1.33,::,0.879,197.0931,0,0,0.375,288,796594
High,192.168.1.36,::,0.847,595.623,0,0,0.375,799,2415923
High,192.168.1.33,::,0.809,11861.829,0.35299683,0,0.375,8447,111958053
High,192.168.1.190,172.85.88.4,0.913,0.218595,0,0,0.125,15,3071
High,192.168.1.190,203.119.86.101,0.907,2.350729,0,0,0.125,91,74347
High,192.168.1.190,203.119.86.101,0.933,1.814647,0,0,0.1,67,61942
High,192.168.1.35,::,0.893,57.87654,0,0,0.42857143,85,247344
High,192.168.1.38,::,0.825,10326.635,0.3245673,0,0.42857143,6522,85726560
High,192.168.1.35,::,0.779,3259.3533,0,0,0.42857143,2656,35427740
High,192.168.1.38,::,0.77,183.19516,0,0,0.42857143,240,754645
High,10.0.1.14,45.55.58.103,1,7.6408596,0,0,0.2,87,12920
High,10.0.1.186,135.148.100.14,1,6.721768,0,0,0.2,87,13224
High,10.0.1.186,8.8.8.8,0.976,1960.6041,0,0,0.2,10878,3072496
High,10.0.1.14,72.14.183.39,0.975,4.6380043,0,0,0.2,87,13224
High,10.0.1.186,198.30.92.2,0.956,6.844433,0,0,0.2,97,14744
High,10.0.1.186,45.33.53.84,0.946,2.5998821,0,0,0.2,98,14896
High,10.0.1.14,185.125.190.58,1,12.109089,0,0,0.6,87,13224
High,10.0.1.14,185.125.190.57,1,11.991995,0,0,0.6,87,13224
High,10.0.1.186,185.125.190.56,1,12.264746,0,0,0.6,87,13224
High,10.0.1.186,185.125.190.58,0.987,11.796528,0,0,0.6,87,13148
High,10.0.2.112,::,0.832,12.256485,0,0,1,102,82358
High,10.0.2.119,125.43.78.107,1,47.888638,0,0,1,161,10847
High,::,::,0,0,0,0.8,0.5,0,0
High,10.0.3.15,::,0.808,1842.2415,0,0,0.5,307,487356
High,10.0.3.15,8.8.8.8,0.918,1948.0046,0,0,0.25,286,108549
High,192.168.1.180,192.0.32.59,0.924,123.66842,0,0,0.11111111,345,374525
High,192.168.1.180,61.68.38.238,0.992,1.39183,0,0,0.1,21,3116
High,192.168.1.180,103.214.220.220,0.982,0.511398,0,0,0.1,20,2964
High,192.168.1.180,13.211.167.211,0.981,0.360864,0,0,0.1,20,2964
High,192.168.1.180,144.48.166.166,0.981,0.473814,0,0,0.1,20,2964
High,192.168.1.180,203.206.205.83,0.978,0.674464,0,0,0.1,20,2964
High,192.168.1.180,103.38.120.36,0.968,0.35263,0,0,0.1,19,2660
High,192.168.1.39,176.28.50.165,0.935,66.87201,0,0,0.2,141,1071880
High,192.168.1.180,144.48.166.166,0.989,0.40299,0,0,0.1,17,2584
High,192.168.1.180,203.206.205.83,0.989,0.686531,0,0,0.1,17,2584
High,192.168.1.180,61.68.38.238,0.988,1.196877,0,0,0.1,17,2508
High,192.168.1.180,103.214.220.220,0.988,0.303721,0,0,0.1,17,2584
High,192.168.1.180,13.211.167.211,0.988,0.338191,0,0,0.1,17,2432
High,192.168.1.190,205.251.193.77,0.962,0.51178,0,0,0.1,31,13231
High,192.168.1.39,176.28.50.165,0.941,105.26833,0,0,0.2,282,2205480
High,192.168.1.31,::,1,7046.716,0.26382807,0,0.3,24,235168
High,192.168.1.30,::,1,6771.3413,0.25872853,0,0.3,24,227116
High,192.168.1.39,176.28.50.165,0.985,528.1299,0,0,0.2,2446,19536000
High,192.168.1.30,176.28.50.165,0.978,818.7387,0,0,0.2,2775,20253080
High,192.168.1.39,35.156.66.156,0.915,263.88892,0,0,0.2,1216,9687160
High,192.168.1.30,18.195.161.8,0.915,245.03351,0,0,0.2,1244,9944240
High,192.168.1.30,35.156.66.156,0.909,249.58517,0,0,0.2,1273,10142688
High,192.168.1.39,18.195.161.8,0.907,267.80655,0,0,0.2,1230,9809960
High,192.168.1.39,176.28.50.165,1,410.53903,0,0,0.22222222,1954,15580960
High,192.168.1.30,176.28.50.165,0.99,657.04785,0,0,0.22222222,2063,16131760
High,192.168.1.39,18.195.161.8,0.939,237.10211,0,0,0.22222222,1099,8789200
High,192.168.1.39,35.156.66.156,0.918,180.46689,0,0,0.22222222,855,6808360
High,192.168.1.30,35.156.66.156,0.914,218.422,0,0,0.22222222,1132,9053800
High,192.168.1.39,176.28.50.165,1,317.1966,0,0,0.22222222,1507,12043520
High,192.168.1.30,176.28.50.165,0.989,501.96057,0,0,0.22222222,1577,12411600
High,192.168.1.195,40.90.189.152,0.974,61.29396,0,0,0.11111111,19,25287
High,192.168.1.180,103.38.120.36,0.96,67.432915,0,0,0.07692308,14,3040
High,192.168.1.190,203.119.95.53,0.953,323.00388,0,0,0.07692308,1598,914996
High,192.168.1.180,13.55.50.68,0.943,66.12347,0,0,0.07692308,14,2888
High,192.168.1.180,27.124.125.250,0.939,66.74852,0,0,0.15384616,13,2812
High,192.168.1.190,204.61.216.50,0.938,389.266,0,0,0.07692308,2635,1393739
High,192.168.1.180,103.126.53.123,0.932,67.12923,0,0,0.07692308,14,3040
High,192.168.1.180,103.76.40.123,0.922,69.10361,0,0,0.07692308,13,2812
High,192.168.1.180,27.124.125.252,0.92,68.73719,0,0,0.07692308,13,2660
High,192.168.1.31,52.59.177.21,0,69845.74,0.8,0,0.27272728,12,130473332
High,192.168.1.180,220.158.215.20,0.969,67.36588,0,0,0.27272728,12,2432
Low,192.168.1.190,192.33.14.30,0.682,0.942256,0,0,0.11111111,70,61019
Low,192.168.1.33,::,0.667,85.48442,0,0,0.5555556,124,362476
Low,192.168.1.190,205.251.195.134,0.667,1.290992,0,0,0.11111111,23,9677
Low,192.168.1.190,192.5.6.30,0.655,0.659481,0,0,0.11111111,50,43212
Low,192.168.1.190,192.5.5.241,0.648,0.632875,0,0,0.11111111,44,52092
Low,192.168.1.190,23.59.163.86,0.646,0.290296,0,0,0.11111111,11,2212
Low,192.168.1.190,69.20.95.4,0.638,2.264392,0,0,0.11111111,11,2475
Low,192.168.1.190,199.7.83.42,0.634,0.645614,0,0,0.11111111,48,55425
Low,192.168.1.190,199.7.91.13,0.632,0.475525,0,0,0.11111111,32,37508
Low,192.168.1.190,173.245.59.106,0.63,0.112771,0,0,0.11111111,7,1408
Low,192.168.1.33,::,0.624,4892.6494,0.22393794,0,0.5555556,3910,52519256
Low,192.168.1.180,144.48.166.166,0.616,69.15353,0,0,0.11111111,7,1976
Low,192.168.1.36,::,0.612,8527.563,0.29125118,0,0.5555556,6320,84717726
Low,192.168.1.180,91.189.89.198,0.611,3.756391,0,0,0.11111111,9,1520
Low,192.168.1.180,129.250.35.251,0.607,140.11737,0,0,0.11111111,7,3040
Low,192.168.1.180,103.214.220.220,0.604,69.07481,0,0,0.11111111,7,1976
Low,192.168.1.180,203.122.222.157,0.604,83.82258,0,0,0.11111111,6,2736
Low,192.168.1.180,61.68.38.238,0.602,69.42551,0,0,0.11111111,7,1900
Low,192.168.1.180,13.211.167.211,0.601,69.0936,0,0,0.11111111,7,1976
Low,192.168.1.180,129.250.35.250,0.6,134.97908,0,0,0.11111111,7,3040
Low,192.168.1.180,121.0.0.41,0.599,139.32607,0,0,0.11111111,7,3192
Low,192.168.1.180,103.126.53.123,0.597,135.09401,0,0,0.11111111,7,3040
Low,192.168.1.190,192.26.92.30,0.594,0.180672,0,0,0.11111111,8,5985
Low,192.168.1.36,::,0.584,141.9224,0,0,0.5555556,200,635818
Low,192.168.1.190,193.0.14.129,0.554,0.467196,0,0,0.11111111,18,20967
Low,192.168.1.180,91.189.89.199,0.543,6.186579,0,0,0.11111111,9,1368
Low,192.168.1.180,91.189.94.4,0.538,5.930943,0,0,0.11111111,8,1520
Low,192.168.1.190,88.221.81.192,0.529,0.486287,0,0,0.11111111,36,6981
Low,192.168.1.190,199.249.112.1,0.515,0.176117,0,0,0.11111111,13,12957
Low,192.168.1.30,103.38.120.36,0.513,0.254333,0,0,0.22222222,14,2128
Low,192.168.1.190,192.203.230.10,0.513,0.444434,0,0,0.11111111,19,22127
Low,192.168.1.193,8.8.8.8,0.506,14.488921,0,0,0.22222222,91,20564
Low,192.168.1.190,204.61.216.50,0.502,0.449249,0,0,0.11111111,29,21615
Low,192.168.1.190,192.33.14.30,0.688,0.530083,0,0,0.125,32,25908
Low,192.168.1.193,13.35.143.59,0,13552.288,0.38430163,0,0.125,1,56499926
Low,192.168.1.195,52.242.210.82,0,13321.786,0.38003308,0,0.125,1,26187
Low,192.168.1.190,193.0.14.129,0.643,0.371902,0,0,0.125,16,18704
Low,192.168.1.190,205.251.195.134,0.625,0.888396,0,0,0.125,17,6472
Low,192.168.1.190,199.253.182.182,0.617,1.051569,0,0,0.125,6,5454
Low,192.168.1.195,::,0.609,8.581115,0,0,0.25,6,74164
Low,192.168.1.190,192.5.5.241,0.6,0.378553,0,0,0.125,22,26159
Low,192.168.1.190,192.26.92.30,0.571,0.133076,0,0,0.125,7,5990
Low,192.168.1.190,192.203.230.10,0.561,0.272327,0,0,0.125,14,17205
Low,192.168.1.190,199.7.91.13,0.55,0.237327,0,0,0.125,14,15445
Low,192.168.1.190,23.213.128.53,0.518,0.19712,0,0,0.125,7,1460
Low,192.168.1.190,61.9.129.198,0.518,0.120326,0,0,0.125,7,1218
Low,192.168.1.190,104.116.163.47,0.516,0.141416,0,0,0.125,7,1458
Low,192.168.1.190,23.206.194.199,0.509,0.165339,0,0,0.125,6,1231
Low,192.168.1.190,204.61.216.50,0.508,0.520708,0,0,0.125,35,22051
Low,192.168.1.190,88.221.81.192,0.688,0.412896,0,0,0.1,35,7032
Low,192.168.1.33,::,0.637,1850.0636,0,0,0.6,6,59652
Low,192.168.1.36,::,0.62,12.419008,0,0,0.3,6,55824
Low,192.168.1.190,23.206.194.199,0.607,0.164319,0,0,0.1,6,1200
Low,192.168.1.193,8.8.8.8,0.606,6.908303,0,0,0.2,50,10465
Low,192.168.1.190,204.48.34.10,0.591,0.093427,0,0,0.1,7,1484
Low,192.168.1.190,192.5.5.241,0.571,0.109271,0,0,0.1,12,14344
Low,192.168.1.195,52.242.210.82,0,4320.6333,0.21334505,0,0.1,1,8649
Low,192.168.1.195,8.8.8.8,0.505,1.786169,0,0,0.2,12,3123
Low,192.168.1.190,199.253.182.182,0.607,1.394194,0,0,0.14285715,8,7272
Low,192.168.1.190,203.119.86.101,0.588,0.19928,0,0,0.14285715,8,5870
Low,192.168.1.190,205.251.193.121,0.573,0.206274,0,0,0.14285715,12,4308
Low,10.0.1.240,185.125.190.57,0.85,12.015263,0,0,0.6,87,6612
Low,10.0.1.96,::,0.7,602.63513,0,0,0.2,142,1470878
Low,10.0.1.240,185.125.190.56,0.84,12.266825,0,0,0.6,87,6612
Low,10.0.1.96,::,0.69,653.18756,0,0,0.2,154,1317968
Low,10.0.1.240,198.98.49.228,0.683,0,0,0,0.2,8,1984
Low,10.0.1.240,45.61.187.39,0.678,8.968124,0,0,0.2,106,8056
Low,10.0.1.240,91.189.91.157,0.821,6.9507294,0,0,0.6,97,7372
Low,10.0.1.186,91.189.91.157,0.811,8.911291,0,0,0.6,125,19000
Low,10.0.1.240,88.99.3.176,0.768,0.004619837,0,0,0.8,185,15540
Low,10.0.1.240,115.231.78.3,0.617,0,0,0,0.4,6,440
Low,10.0.1.14,88.99.3.176,0.764,0.008875132,0,0,0.8,190,15960
Low,10.0.1.186,88.99.3.176,0.751,0.003573418,0,0,0.8,45,3780
Low,10.0.1.240,185.94.111.1,0.532,0,0,0,0.2,8,591
Low,10.0.1.240,185.16.39.29,0.523,0,0,0,0.2,8,782
Low,10.0.1.96,88.99.3.176,0.665,0,0,0,0.8,201,8844
Low,10.0.2.16,66.148.80.28,0.85,72.92637,0,0,1,19,4652
Low,10.0.2.16,66.36.230.86,0.837,1462.4514,0,0,1,47,32560
Low,10.0.2.16,115.69.241.182,0.834,0,0,0,1,18,3556
Low,10.0.2.16,111.240.194.123,0.815,0,0,0,1,18,3273
Low,10.0.2.16,123.240.194.78,0.808,0,0,0,1,18,3629
Low,10.0.2.16,62.5.128.33,0.808,0,0,0,1,41,7984
Low,10.0.2.16,187.19.218.40,0.805,0,0,0,1,18,3643
Low,10.0.2.16,113.252.247.200,0.798,0,0,0,1,18,3746
Low,10.0.2.16,178.91.32.168,0.797,0,0,0,1,18,3864
Low,10.0.2.16,66.235.184.138,0.796,1719.6744,0,0,1,50,33445
Low,10.0.2.16,111.242.171.190,0.79,0,0,0,1,18,3425
Low,10.0.2.16,84.2.155.234,0.781,0,0,0,1,18,3524
Low,10.0.2.16,95.57.211.247,0.779,0,0,0,1,18,3558
Low,10.0.2.16,89.41.100.12,0.777,0,0,0,1,18,3018
Low,10.0.2.16,88.87.244.16,0.767,0,0,0,1,18,3657
Low,10.0.2.16,195.169.125.228,0.707,941.06445,0,0,1,66,68467
Low,10.0.2.112,::,0,3605.1895,0.20009609,0,1,2,34524
Low,10.0.3.15,151.101.158.132,0.7,109.82729,0,0,0.25,107,11820
Low,10.0.3.15,::,0.827,86.73784,0,0,0.5,82,70438
Low,10.0.3.15,::,0.758,72.880424,0,0,0.5,94,130892
Low,10.0.3.15,::,0.731,90.33147,0,0,0.5,88,582600
Low,10.0.3.15,151.101.129.227,0,7473.627,0.27173385,0,0.25,1,8551
Low,192.168.1.190,192.203.230.10,0.699,0.491821,0,0,0.11111111,33,41955
Low,192.168.1.180,64.124.14.21,0.652,26.349838,0,0,0.11111111,49,59479
Low,192.168.1.190,192.33.14.30,0.636,0.901242,0,0,0.11111111,61,54498
Low,192.168.1.190,193.108.88.128,0.567,64.449196,0,0,0.11111111,32,1169723
Low,192.168.1.190,204.61.216.50,0.665,1.148312,0,0,0.11111111,62,39646
Low,192.168.1.180,64.124.14.21,0.66,86.97711,0,0,0.11111111,125,74078
Low,192.168.1.190,192.5.6.30,0.656,46.956795,0,0,0.11111111,95,85587
Low,192.168.1.190,192.0.36.252,0.649,2.129563,0,0,0.11111111,12,4188
Low,192.168.1.190,203.119.86.101,0.633,244.04541,0,0,0.11111111,150,122372
Low,192.168.1.190,202.12.31.53,0.603,0.434398,0,0,0.11111111,31,20162
Low,192.168.1.190,193.108.88.128,0.584,0.441295,0,0,0.11111111,14,3790
Low,192.168.1.180,192.30.45.30,0.561,23.596037,0,0,0.11111111,65,274319
Low,192.168.1.190,184.85.248.128,0.52,0.77467,0,0,0.11111111,8,1609
Low,192.168.1.190,208.84.2.53,0.517,41.02255,0,0,0.11111111,14,3954
Low,192.168.1.195,::,0.514,1752.5592,0,0,0.22222222,27,68241
Low,192.168.1.190,193.0.14.129,0.501,0.859738,0,0,0.11111111,32,33989
Low,192.168.1.190,193.108.88.128,0.617,0.195513,0,0,0.1,16,3365
Low,192.168.1.180,27.124.125.252,0.583,0.462552,0,0,0.1,7,1064
Low,192.168.1.180,220.158.215.21,0.581,0.293482,0,0,0.1,7,1064
Low,192.168.1.180,192.30.45.30,0.524,23.76184,0,0,0.1,52,217933
Low,192.168.1.190,192.5.6.30,0.514,1.049053,0,0,0.1,67,60833
Low,192.168.1.190,69.28.180.4,0.67,0.112479,0,0,0.1,9,1839
Low,192.168.1.190,204.48.34.10,0.621,0.128853,0,0,0.1,6,1284
Low,192.168.1.190,193.108.91.240,0.588,0.167389,0,0,0.1,11,3910
Low,192.168.1.190,209.107.211.4,0.581,0.086611,0,0,0.1,8,1498
Low,192.168.1.190,23.61.199.131,0.695,0.969773,0,0,0.1,6,1362
Low,192.168.1.190,184.85.248.128,0.675,0.747807,0,0,0.1,6,1319
Low,192.168.1.190,205.251.193.121,0.674,0.145346,0,0,0.1,12,3804
Low,192.168.1.190,84.53.139.129,0.64,1.687065,0,0,0.1,7,1554
Low,192.168.1.190,91.189.91.139,0.638,1.851036,0,0,0.1,7,2030
Low,192.168.1.190,209.107.211.4,0.636,0.191351,0,0,0.1,15,3192
Low,192.168.1.190,96.7.49.129,0.617,0.880909,0,0,0.1,7,1525
Low,192.168.1.190,208.76.45.53,0.612,0.193219,0,0,0.1,17,3430
Low,192.168.1.195,::,0.599,134.76697,0,0,0.2,10,63647
Low,192.168.1.190,204.48.34.10,0.593,0.171564,0,0,0.1,12,2550
Low,192.168.1.190,69.28.180.4,0.592,0.166553,0,0,0.1,13,2770
Low,192.168.1.190,192.58.128.30,0.587,0.231008,0,0,0.1,15,18502
Low,192.168.1.190,205.251.193.77,0.584,0.440732,0,0,0.1,27,11240
Low,192.168.1.190,172.85.88.4,0.58,0.188154,0,0,0.1,14,2978
Low,192.168.1.190,193.108.91.240,0.575,0.130459,0,0,0.1,11,3976
Low,192.168.1.190,199.7.83.42,0.553,0.23106,0,0,0.1,19,23293
Low,192.168.1.190,216.239.32.10,0.547,1.126049,0,0,0.1,11,2017
Low,192.168.1.193,13.35.143.59,0,4722.734,0.22079135,0,0.1,1,23907767
Low,192.168.1.190,216.239.34.10,0.518,1.129151,0,0,0.1,11,1952
Low,192.168.1.190,192.33.4.12,0.512,1.702702,0,0,0.1,10,12314
Low,192.168.1.190,199.7.91.13,0.508,0.189874,0,0,0.1,13,16040
Low,192.168.1.195,::,0.69,4.475879,0,0,0.22222222,6,39411
Low,192.168.1.180,203.206.205.83,0.643,0.271064,0,0,0.11111111,8,1216
Low,192.168.1.180,13.211.167.211,0.603,0.171961,0,0,0.11111111,10,1520
Low,192.168.1.180,103.214.220.220,0.602,0.191081,0,0,0.11111111,10,1520
Low,192.168.1.180,144.48.166.166,0.601,0.285345,0,0,0.11111111,10,1520
Low,192.168.1.180,61.68.38.238,0.597,0.686381,0,0,0.11111111,10,1520
Low,192.168.1.190,205.251.193.121,0.534,0.154669,0,0,0.11111111,12,3804
Low,192.168.1.190,205.251.193.2,0.526,0.359199,0,0,0.11111111,6,2046
Low,192.168.1.195,40.90.190.179,0.526,43.181934,0,0,0.11111111,9,14919
Low,192.168.1.180,13.211.167.211,0.696,0.097367,0,0,0.11111111,7,1064
Low,192.168.1.180,61.68.38.238,0.67,0.510417,0,0,0.11111111,7,1064
Low,192.168.1.180,203.206.205.83,0.669,0.235597,0,0,0.11111111,7,1064
Low,192.168.1.39,18.184.104.180,0.667,51.071335,0,0,0.22222222,238,1899400
Low,192.168.1.30,52.59.177.21,0.667,47.702984,0,0,0.22222222,248,1984000
Low,192.168.1.180,103.214.220.220,0.659,0.123026,0,0,0.11111111,7,1064
Low,192.168.1.30,18.184.104.180,0.653,40.67855,0,0,0.22222222,209,1672000
Low,192.168.1.39,52.59.177.21,0.642,43.628723,0,0,0.22222222,207,1642400
Low,192.168.1.190,192.5.6.30,0.623,0.169538,0,0,0.11111111,13,11129
Low,192.168.1.190,192.33.14.30,0.618,0.131337,0,0,0.11111111,10,8562
Low,192.168.1.190,193.108.88.128,0.61,0.186879,0,0,0.11111111,15,3254
Low,192.168.1.195,::,0.564,13.610633,0,0,0.22222222,11,121851
Low,192.168.1.38,52.59.177.21,0.641,152.22278,0,0,0.25,32,1458040
Low,192.168.1.30,18.184.104.180,0,10190.547,0.32204714,0,0.33333334,12,19309781
Low,192.168.1.180,192.0.32.59,0.622,65.92943,0,0,0.083333336,77,78006
Low,192.168.1.34,52.59.177.21,0.621,253.94559,0,0,0.25,53,1860880
Low,192.168.1.34,18.184.104.180,0.62,236.07375,0,0,0.33333334,49,1758840
Low,192.168.1.190,204.69.234.1,0.504,0.223283,0,0,0.083333336,15,2476
Low,192.168.1.190,192.5.5.241,0.692,69.320206,0,0,0.07692308,163,153226
Low,192.168.1.190,198.41.0.4,0.674,29.142282,0,0,0.07692308,82,62744
Low,192.168.1.180,203.23.237.200,0.662,80.673546,0,0,0.07692308,10,3268
Low,192.168.1.195,::,0.182,11957.093,0.35476097,0,0.15384616,7,81907
Low,192.168.1.190,210.101.61.1,0.644,36.424168,0,0,0.07692308,42,25435
Low,192.168.1.190,192.203.230.10,0.64,37.55823,0,0,0.07692308,159,131664
Low,192.168.1.190,199.7.83.42,0.64,161.04968,0,0,0.07692308,215,194466
Low,192.168.1.190,199.4.138.53,0.638,152.21036,0,0,0.07692308,142,77974
Low,192.168.1.190,199.7.91.13,0.631,2.784852,0,0,0.07692308,153,116587
Low,192.168.1.190,199.43.134.53,0.624,224.67857,0,0,0.07692308,119,61022
Low,192.168.1.190,202.30.124.100,0.616,7.689843,0,0,0.07692308,46,33526
Low,192.168.1.180,45.76.113.31,0.613,136.53346,0,0,0.07692308,10,3648
Low,192.168.1.190,192.48.79.30,0.611,29.642195,0,0,0.07692308,129,91097
Low,192.168.1.190,192.54.112.30,0.607,87.124504,0,0,0.07692308,145,109297
Low,192.168.1.190,192.52.178.30,0.607,28.448124,0,0,0.07692308,126,89510
Low,192.168.1.190,156.154.100.5,0.601,18.103651,0,0,0.07692308,185,136680
Low,192.168.1.190,91.189.94.173,0.6,3.920165,0,0,0.07692308,22,2914
Low,192.168.1.34,::,0.486,402.40738,0,0,0.23076923,193,556937
Low,192.168.1.38,::,0.46,752.23444,0,0,0.23076923,729,2090683
Low,192.168.1.190,210.101.62.1,0.594,28.574383,0,0,0.07692308,56,37075
Low,192.168.1.190,192.12.94.30,0.592,23.562792,0,0,0.07692308,141,107925
Low,192.168.1.34,144.48.166.166,0.591,0.230699,0,0,0.07692308,9,1292
Low,192.168.1.190,199.224.64.201,0.591,32.184303,0,0,0.07692308,18,3852
Low,192.168.1.190,192.41.162.30,0.591,24.310467,0,0,0.07692308,113,79575
Low,192.168.1.190,192.82.113.7,0.591,56.833725,0,0,0.07692308,50,11206
Low,192.168.1.190,193.0.9.6,0.591,130.93883,0,0,0.07692308,148,26585
Low,192.168.1.190,205.251.193.121,0.589,2.186756,0,0,0.07692308,16,4924
Low,192.168.1.190,189.201.244.1,0.588,1.745867,0,0,0.07692308,24,13105
Low,192.168.1.190,91.189.95.3,0.587,3.734622,0,0,0.07692308,23,3352
Low,192.168.1.190,192.35.51.30,0.585,22.86728,0,0,0.07692308,135,102113
Low,192.168.1.190,144.160.128.177,0.583,22.281403,0,0,0.07692308,38,10322
Low,192.168.1.190,192.26.92.30,0.583,80.91664,0,0,0.07692308,408,306765
Low,192.168.1.190,192.31.80.30,0.583,21.854033,0,0,0.07692308,105,77330
Low,192.168.1.190,203.83.159.1,0.583,13.970505,0,0,0.07692308,33,18708
Low,192.168.1.180,61.68.38.238,0.58,70.61688,0,0,0.07692308,8,2128
Low,192.168.1.190,192.43.172.30,0.58,36.58168,0,0,0.07692308,129,89767
Low,192.168.1.190,208.84.0.53,0.577,16.855928,0,0,0.07692308,44,8354
Low,192.168.1.190,202.31.190.1,0.577,25.842735,0,0,0.07692308,47,32232
Low,192.168.1.190,192.55.83.30,0.575,27.29784,0,0,0.07692308,131,87433
Low,192.168.1.190,192.82.134.30,0.571,364.56717,0,0,0.07692308,513,189655
Low,192.168.1.190,184.85.248.128,0.567,0.620171,0,0,0.07692308,10,1533
Low,192.168.1.190,65.22.199.1,0.566,1.948926,0,0,0.07692308,107,71096
Low,192.168.1.190,194.146.106.106,0.566,277.0278,0,0,0.07692308,229,89172
Low,192.168.1.190,193.0.14.129,0.566,114.60078,0,0,0.07692308,115,95557
Low,192.168.1.190,96.7.49.129,0.566,2.381394,0,0,0.07692308,13,2180
Low,192.168.1.190,200.3.13.14,0.566,439.6925,0,0,0.07692308,353,121283
Low,192.168.1.190,130.114.200.6,0.564,56.08533,0,0,0.07692308,44,12146
Low,192.168.1.190,199.180.182.53,0.564,282.02975,0,0,0.07692308,232,114237
Low,192.168.1.190,192.42.93.30,0.562,54.426716,0,0,0.07692308,168,123979
Low,192.168.1.190,193.0.9.1,0.561,270.94128,0,0,0.07692308,201,87846
Low,192.168.1.190,199.212.0.63,0.561,400.08493,0,0,0.07692308,398,129553
Low,192.168.1.190,150.100.6.8,0.561,27.228462,0,0,0.07692308,43,27296
Low,192.168.1.190,199.71.0.63,0.56,460.64737,0,0,0.07692308,404,131057
Low,192.168.1.190,68.87.85.132,0.56,44.822105,0,0,0.07692308,23,4465
Low,192.168.1.190,199.180.180.63,0.559,450.88913,0,0,0.07692308,367,118054
Low,192.168.1.180,103.214.220.220,0.559,137.10532,0,0,0.07692308,11,3648
Low,192.168.1.190,205.251.194.167,0.559,1.751117,0,0,0.07692308,9,2478
Low,192.168.1.190,211.216.50.170,0.558,3.088412,0,0,0.07692308,17,3553
Low,192.168.1.190,199.252.162.251,0.558,80.5554,0,0,0.07692308,75,15032
Low,192.168.1.190,66.28.0.30,0.557,3.422375,0,0,0.07692308,27,5133
Low,192.168.1.190,194.85.252.62,0.556,8.662864,0,0,0.07692308,26,16559
Low,192.168.1.190,68.87.76.228,0.556,44.521656,0,0,0.07692308,31,5933
Low,192.168.1.184,91.189.89.198,0.555,65.75317,0,0,0.07692308,10,1216
Low,192.168.1.190,136.2.33.19,0.555,64.93403,0,0,0.07692308,45,7349
Low,192.168.1.190,203.119.26.3,0.555,48.30719,0,0,0.07692308,46,10005
Low,192.168.1.190,66.174.0.3,0.554,28.670406,0,0,0.07692308,63,11428
Low,192.168.1.190,218.176.253.72,0.552,89.81075,0,0,0.07692308,60,12964
Low,192.168.1.180,27.124.125.251,0.55,138.73036,0,0,0.07692308,11,3572
Low,192.168.1.190,68.238.64.72,0.549,1.520224,0,0,0.07692308,8,2355
Low,192.168.1.190,193.0.9.9,0.546,310.96957,0,0,0.07692308,206,68534
Low,192.168.1.190,65.22.196.1,0.546,2.222317,0,0,0.07692308,38,25814
Low,192.168.1.190,199.249.120.1,0.544,0.915249,0,0,0.07692308,44,35863
Low,192.168.1.180,103.126.53.123,0.684,10.226879,0,0,0.09090909,10,2204
Low,192.168.1.195,8.8.8.8,0.68,17.312128,0,0,0.18181819,24,5213
Low,192.168.1.180,103.76.40.123,0.669,70.28114,0,0,0.09090909,10,2584
Low,192.168.1.180,27.124.125.250,0.666,66.46576,0,0,0.09090909,11,2432
Low,192.168.1.31,220.158.215.20,0.585,0.360743,0,0,0.27272728,9,1368
Low,192.168.1.180,13.55.50.68,0.578,137.91594,0,0,0.09090909,11,3420
Low,192.168.1.180,129.250.35.250,0.577,141.10448,0,0,0.09090909,12,3572
Low,192.168.1.180,27.124.125.252,0.576,136.70853,0,0,0.09090909,12,3572
Low,192.168.1.31,::,0.521,2949.9075,0,0,0.18181819,10,78228
Low,192.168.1.195,::,0,4498.6724,0.21664208,0,0.09090909,2,19412
Low,192.168.1.195,40.90.190.179,0,4497.9224,0.2166282,0,0.09090909,1,15101
Low,192.168.1.180,220.158.215.21,0.693,0.356074,0,0,0.09090909,6,912
Low,192.168.1.180,13.55.50.68,0.692,0.096817,0,0,0.09090909,6,912
Low,192.168.1.180,220.158.215.20,0.677,0.303516,0,0,0.27272728,7,988
Low,192.168.1.31,::,0.169,4925.1523,0.22453985,0,0.18181819,14,3953731
Low,192.168.1.180,103.38.120.36,0.67,0.124479,0,0,0.09090909,6,912
Low,192.168.1.180,27.124.125.250,0.652,0.417946,0,0,0.09090909,6,912
Low,192.168.1.190,208.84.0.53,0.627,0.367389,0,0,0.09090909,8,1611
Low,192.168.1.180,27.124.125.252,0.626,0.426814,0,0,0.09090909,6,912
Low,192.168.1.190,91.189.95.3,0.624,3.854705,0,0,0.09090909,16,3678
Low,192.168.1.180,103.76.40.123,0.593,0.142064,0,0,0.09090909,6,912
Low,192.168.1.195,40.90.190.179,0,6480.73,0.25334683,0,0.09090909,1,11942
Low,192.168.1.195,8.8.8.8,0.535,5.851892,0,0,0.18181819,19,5018
Low,192.168.1.190,91.189.91.139,0.596,1.601051,0,0,0.11111111,8,1774
Low,192.168.1.195,8.8.8.8,0.528,2.614158,0,0,0.11111111,15,3503
Low,192.168.1.195,40.90.190.179,0,4680.283,0.22000524,0,0.11111111,1,9200
Low,192.168.1.190,91.189.91.139,0.631,1.576147,0,0,0.11111111,6,1657
Low,192.168.1.195,8.8.8.8,0.591,0.963932,0,0,0.11111111,8,2060
Low,192.168.1.190,192.5.6.30,0.553,0.158057,0,0,0.11111111,12,10298
Low,192.168.1.195,40.90.190.179,0,3600.303,0.2000056,0,0.11111111,1,7328
Low,192.168.1.190,91.189.91.139,0.629,1.319414,0,0,0.11111111,6,1523
Low,192.168.1.190,192.5.6.30,0.575,0.146098,0,0,0.11111111,11,9409
Low,192.168.1.195,40.90.190.179,0,3600.2725,0.20000505,0,0.11111111,1,7368
Low,192.168.1.195,40.90.190.179,0,3600.3423,0.20000634,0,0.11111111,1,7122
Low,192.168.1.190,192.33.14.30,0.612,0.286719,0,0,0.1,10,8560
Low,192.168.1.190,91.189.91.139,0.575,4.241674,0,0,0.1,16,4290
Low,192.168.1.190,192.5.6.30,0.525,0.194849,0,0,0.1,13,11159
Low,192.168.1.195,40.90.190.179,0,3600.3286,0.20000608,0,0.1,1,7328
Low,192.168.1.190,192.5.6.30,0.651,0.140268,0,0,0.1,9,7737
Low,192.168.1.190,91.189.91.139,0.626,1.329016,0,0,0.1,6,1440
Low,192.168.1.195,40.90.190.179,0,3600.3862,0.20000716,0,0.1,1,7286
Low,192.168.1.38,::,0.475,238.83853,0,0,0.18181819,235,672819
Low,192.168.1.195,8.8.8.8,0.543,2.122186,0,0,0.09090909,10,2478
Low,192.168.1.190,208.84.0.53,0.517,0.695518,0,0,0.09090909,23,4405
Low,192.168.1.195,40.90.190.179,0,3600.2505,0.20000464,0,0.09090909,1,7185
Medium,192.168.1.190,203.119.86.101,0.891,2.653222,0,0,0.11111111,101,81661
Medium,192.168.1.30,::,0.718,27318.676,0.57942605,0,0.5555556,12922,168435078
Medium,192.168.1.31,::,0.853,1763.7347,0,0,0.5555556,658,2073566
Medium,192.168.1.31,::,0.816,11292.34,0.3424507,0,0.5555556,7588,100453986
Medium,192.168.1.190,193.108.88.128,0.808,0.375371,0,0,0.11111111,32,6601
Medium,192.168.1.190,193.108.91.240,0.801,0.689431,0,0,0.11111111,55,15441
Medium,192.168.1.190,205.251.193.121,0.743,0.451433,0,0,0.11111111,41,13685
Medium,192.168.1.30,::,0.73,581.6946,0,0,0.5555556,604,1925850
Medium,192.168.1.195,8.8.8.8,0.719,12.652658,0,0,0.22222222,63,12331
Medium,192.168.1.190,192.58.128.30,0.715,0.564962,0,0,0.11111111,42,48247
Medium,192.168.1.190,204.48.34.10,0.899,0.274868,0,0,0.125,22,4440
Medium,192.168.1.190,69.28.180.4,0.894,0.167438,0,0,0.125,13,2560
Medium,192.168.1.190,209.107.211.4,0.85,0.141073,0,0,0.125,12,2126
Medium,192.168.1.190,205.251.193.121,0.818,0.602877,0,0,0.125,41,14225
Medium,192.168.1.195,8.8.8.8,0.804,6.176901,0,0,0.375,29,6573
Medium,192.168.1.190,88.221.81.192,0.793,0.600742,0,0,0.125,44,8720
Medium,192.168.1.190,193.108.91.240,0.742,0.629055,0,0,0.125,54,14128
Medium,192.168.1.190,::,0.721,2602.6042,0,0,0.5,10,93144
Medium,192.168.1.190,205.251.193.77,0.709,0.469089,0,0,0.125,34,13936
Medium,192.168.1.193,::,0.719,2820.6711,0,0,0.2,14,7258545
Medium,192.168.1.36,::,0.854,157.2155,0,0,0.5,234,739812
Medium,192.168.1.36,::,0.853,11627.454,0.34865654,0,0.5,7730,99495671
Medium,192.168.1.190,205.251.193.121,0.836,0.4425,0,0,0.1,38,13474
Medium,192.168.1.33,::,0.818,139.98605,0,0,0.5,209,596390
Medium,192.168.1.33,::,0.812,8290.04,0.2868526,0,0.5,6659,89156452
Medium,192.168.1.190,193.108.91.240,0.783,0.507001,0,0,0.1,43,11277
Medium,192.168.1.190,::,0.717,2341.8552,0,0,0.6,9,84372
Medium,192.168.1.190,192.5.6.30,0.702,0.433032,0,0,0.1,30,25798
Medium,10.0.1.14,185.125.190.56,0.975,11.879001,0,0,0.6,87,13072
Medium,10.0.1.96,::,0.968,903.67773,0,0,1,100,1093280
Medium,10.0.1.186,185.125.190.57,0.965,11.989216,0,0,0.6,87,13224
Medium,10.0.1.186,::,0.955,903.4071,0,0,1,100,1084760
Medium,10.0.1.240,162.159.200.123,0.85,0.71124816,0,0,0.2,87,6612
Medium,10.0.1.14,91.189.91.157,0.949,6.5776834,0,0,0.6,95,14288
Medium,10.0.1.14,74.50.98.131,0.845,8.0077095,0,0,0.2,103,15504
Medium,10.0.1.240,173.71.78.103,0.822,6.080955,0,0,0.4,91,6916
Medium,10.0.1.14,::,0.934,868.70746,0,0,1,96,1045180
Medium,10.0.1.186,23.150.41.122,0.803,5.625883,0,0,0.2,109,16416
Medium,10.0.1.96,::,0.635,540.6101,0,0,0.2,9,15868
Medium,10.0.1.96,::,0.625,360.77417,0,0,0.2,6,7144
Medium,10.0.1.240,216.31.17.12,0.736,11.605487,0,0,0.2,77,5852
Medium,10.0.1.240,185.125.190.58,0.875,11.992283,0,0,0.6,87,6612
Medium,10.0.1.14,173.71.78.103,0.711,8.331112,0,0,0.4,126,19152
Medium,10.0.2.16,::,0.83,24.27222,0,0,1,94,157812
Medium,10.0.2.16,::,0.83,26.847694,0,0,1,94,178224
Medium,10.0.2.112,::,0.709,1.430938,0,0,1,6,32634
Medium,10.0.2.110,::,0.832,12.486863,0,0,1,102,82398
Medium,10.0.2.110,::,0.709,1.455736,0,0,1,6,32661
Medium,10.0.3.15,::,0.794,316.30072,0,0,0.5,319,708328
Medium,10.0.3.15,::,0.758,15.48556,0,0,0.5,92,102423
Medium,10.0.3.15,199.232.102.132,0.749,85.46347,0,0,0.25,84,9240
Medium,10.0.3.15,1.1.1.1,0.728,1857.9266,0,0,0.25,116,102063
Medium,10.0.3.15,185.125.190.81,0.717,48.23101,0,0,0.25,26,28743
Medium,10.0.3.15,::,0.713,217.06493,0,0,0.5,178,924542
Medium,192.168.1.180,220.158.215.21,0.879,0.977475,0,0,0.11111111,25,4028
Medium,192.168.1.180,103.126.53.123,0.878,0.396882,0,0,0.11111111,26,4104
Medium,192.168.1.180,144.48.166.166,0.877,0.448284,0,0,0.11111111,24,3952
Medium,192.168.1.180,220.158.215.20,0.874,0.96559,0,0,0.22222222,25,4028
Medium,192.168.1.180,103.214.220.220,0.84,0.495357,0,0,0.11111111,24,3876
Medium,192.168.1.190,208.84.2.53,0.798,0.338694,0,0,0.11111111,28,6658
Medium,192.168.1.190,203.119.86.101,0.744,8.83939,0,0,0.11111111,85,81064
Medium,192.168.1.190,192.0.32.252,0.843,2.402199,0,0,0.11111111,14,5575
Medium,192.168.1.31,::,0.658,2771.6316,0,0,0.44444445,10,163928
Medium,192.168.1.180,61.68.38.238,0.799,2.451529,0,0,0.11111111,36,5396
Medium,192.168.1.180,103.76.40.123,0.796,0.692439,0,0,0.11111111,36,5700
Medium,192.168.1.180,103.126.53.123,0.796,0.804136,0,0,0.11111111,36,6080
Medium,192.168.1.180,103.38.120.36,0.795,0.89037,0,0,0.22222222,36,5472
Medium,192.168.1.180,121.0.0.41,0.79,0.923485,0,0,0.11111111,36,5320
Medium,192.168.1.195,8.8.8.8,0.724,13.579497,0,0,0.11111111,27,22715
Medium,192.168.1.34,40.90.190.179,0.702,22.800207,0,0,0.33333334,7,37092
Medium,192.168.1.30,176.28.50.165,0.877,61.645718,0,0,0.2,1897,1210900
Medium,192.168.1.30,18.195.161.8,0.841,28.379923,0,0,0.2,60,460216
Medium,192.168.1.39,18.195.161.8,0.839,37.378613,0,0,0.2,79,592120
Medium,192.168.1.30,35.156.66.156,0.821,36.324463,0,0,0.2,80,604640
Medium,192.168.1.39,35.156.66.156,0.788,27.656479,0,0,0.2,61,470480
Medium,192.168.1.180,64.124.14.21,0.715,54.51767,0,0,0.1,84,71966
Medium,192.168.1.30,18.195.161.8,0.87,43.85022,0,0,0.2,120,943280
Medium,192.168.1.39,18.195.161.8,0.838,60.54956,0,0,0.2,166,1300640
Medium,192.168.1.39,35.156.66.156,0.835,43.86836,0,0,0.2,115,906160
Medium,192.168.1.30,35.156.66.156,0.835,59.919407,0,0,0.2,168,1321840
Medium,192.168.1.30,176.28.50.165,0.83,106.108475,0,0,0.2,2215,2352360
Medium,192.168.1.180,203.206.205.83,0.882,1.053182,0,0,0.1,30,4560
Medium,192.168.1.180,13.211.167.211,0.854,0.619122,0,0,0.1,43,6536
Medium,192.168.1.180,144.48.166.166,0.851,0.763008,0,0,0.1,43,6536
Medium,192.168.1.180,61.68.38.238,0.848,2.977863,0,0,0.1,43,6536
Medium,192.168.1.180,103.214.220.220,0.847,0.769326,0,0,0.1,43,6536
Medium,192.168.1.190,192.33.14.30,0.813,0.732286,0,0,0.1,53,45464
Medium,192.168.1.195,8.8.8.8,0.722,8.151689,0,0,0.2,43,10207
Medium,192.168.1.195,::,0.713,23.946741,0,0,0.2,15,148012
Medium,192.168.1.190,193.108.88.128,0.705,0.52214,0,0,0.1,43,9328
Medium,192.168.1.30,18.195.161.8,0.892,167.82382,0,0,0.22222222,877,6992000
Medium,192.168.1.195,::,0.837,15.397971,0,0,0.22222222,11,122468
Medium,192.168.1.190,192.33.14.30,0.798,0.268035,0,0,0.11111111,20,17120
Medium,192.168.1.190,192.5.6.30,0.775,0.232607,0,0,0.11111111,17,14583
Medium,192.168.1.190,193.108.88.128,0.727,0.423991,0,0,0.11111111,35,7605
Medium,192.168.1.195,8.8.8.8,0.726,9.887928,0,0,0.11111111,46,11043
Medium,192.168.1.195,8.8.8.8,0.899,2.75414,0,0,0.11111111,24,5859
Medium,192.168.1.30,18.195.161.8,0.844,117.16152,0,0,0.22222222,612,4894480
Medium,192.168.1.39,18.195.161.8,0.828,98.61736,0,0,0.22222222,455,3635120
Medium,192.168.1.30,35.156.66.156,0.819,92.05887,0,0,0.22222222,478,3816640
Medium,192.168.1.39,35.156.66.156,0.803,128.04233,0,0,0.22222222,608,4838640
Medium,192.168.1.180,144.48.166.166,0.726,0.123314,0,0,0.11111111,7,1064
Medium,192.168.1.38,18.184.104.180,0.747,353.34097,0,0,0.33333334,75,3338480
Medium,192.168.1.31,52.59.177.21,0.5,15447.192,0.41454434,0,0.25,79,23367230
Medium,192.168.1.190,203.119.86.101,0.896,328.64758,0,0,0.07692308,2607,1443843
Medium,192.168.1.190,202.12.31.53,0.876,315.31967,0,0,0.07692308,1404,829797
Medium,192.168.1.190,204.61.216.100,0.864,261.30865,0,0,0.07692308,888,511418
Medium,192.168.1.190,91.189.91.139,0.835,5.323365,0,0,0.07692308,30,5547
Medium,192.168.1.190,199.43.133.53,0.822,238.17523,0,0,0.07692308,169,103477
Medium,192.168.1.190,193.0.9.10,0.814,476.8975,0,0,0.07692308,328,112450
Medium,192.168.1.36,52.59.177.21,0.81,256.74237,0,0,0.30769232,101,4020200
Medium,192.168.1.190,199.43.135.53,0.806,132.12135,0,0,0.07692308,170,99647
Medium,192.168.1.190,199.212.0.53,0.799,430.4308,0,0,0.07692308,391,149490
Medium,192.168.1.36,18.184.104.180,0.797,279.13333,0,0,0.15384616,105,3901440
Medium,192.168.1.195,8.8.8.8,0.796,20.289757,0,0,0.15384616,35,7668
Medium,192.168.1.190,199.253.183.183,0.794,275.75363,0,0,0.07692308,273,136910
Medium,192.168.1.36,176.28.50.165,0.793,533.10455,0,0,0.23076923,202,7945680
Medium,192.168.1.190,200.10.60.53,0.75,256.83936,0,0,0.07692308,208,86739
Medium,192.168.1.190,192.33.14.30,0.734,26.772133,0,0,0.07692308,724,541738
Medium,192.168.1.190,192.5.6.30,0.73,14.002366,0,0,0.07692308,667,497941
Medium,192.168.1.190,192.58.128.30,0.728,7.589754,0,0,0.07692308,132,103930
Medium,192.168.1.190,196.216.169.10,0.725,326.5529,0,0,0.07692308,215,107556
Medium,192.168.1.190,193.108.88.128,0.721,0.941792,0,0,0.07692308,32,6225
Medium,192.168.1.38,220.158.215.20,0.703,0.531082,0,0,0.23076923,7,1064
Medium,192.168.1.38,52.59.177.21,0.861,1136.8909,0,0,0.27272728,243,10425680
Medium,192.168.1.180,103.38.120.36,0.851,138.2382,0,0,0.09090909,12,3572
Medium,192.168.1.38,18.184.104.180,0.85,1430.995,0,0,0.18181819,302,14507040
Medium,192.168.1.34,52.59.177.21,0.783,1513.853,0,0,0.27272728,320,17718560
Medium,192.168.1.34,18.184.104.180,0.739,1083.0227,0,0,0.18181819,231,13142680
Medium,192.168.1.180,220.158.215.21,0.707,67.37696,0,0,0.09090909,11,2432
Medium,192.168.1.38,18.184.104.180,0.819,1474.5956,0,0,0.27272728,310,16115120
Medium,192.168.1.38,52.59.177.21,0.801,1495.921,0,0,0.27272728,319,15468880
Medium,192.168.1.34,52.59.177.21,0.774,1159.5243,0,0,0.27272728,247,12361520
Medium,192.168.1.190,192.5.6.30,0.748,0.589162,0,0,0.09090909,38,30460
Medium,192.168.1.180,103.126.53.123,0.714,0.165308,0,0,0.09090909,7,1064
Medium,192.168.1.34,18.184.104.180,0.711,752.87415,0,0,0.27272728,158,8041720
Medium,192.168.1.38,52.59.177.21,0.748,1265.6188,0,0,0.22222222,275,23363720
Medium,192.168.1.38,18.184.104.180,0.738,841.6953,0,0,0.11111111,183,17302920
Medium,192.168.1.190,192.5.6.30,0.735,0.273912,0,0,0.11111111,25,20641
Medium,192.168.1.38,18.184.104.180,0.826,812.5041,0,0,0.11111111,177,23070200
Medium,192.168.1.38,52.59.177.21,0.795,806.59607,0,0,0.11111111,175,23824400
Medium,192.168.1.38,52.59.177.21,0.806,974.7828,0,0,0.11111111,211,26966800
Medium,192.168.1.38,18.184.104.180,0.79,710.2619,0,0,0.11111111,154,20664760
Medium,192.168.1.38,18.184.104.180,0.829,934.0323,0,0,0.11111111,201,26833360
Medium,192.168.1.38,52.59.177.21,0.818,717.4678,0,0,0.11111111,157,21499040
Medium,192.168.1.38,18.184.104.180,0.82,859.66907,0,0,0.1,184,24051360
Medium,192.168.1.38,52.59.177.21,0.815,849.46,0,0,0.1,187,24818560
Medium,192.168.1.38,52.59.177.21,0.776,746.7383,0,0,0.1,162,19676200
Medium,192.168.1.38,18.184.104.180,0.76,983.36816,0,0,0.1,212,24261120
Medium,192.168.1.38,52.59.177.21,0.773,558.9242,0,0,0.18181819,124,16132000
Medium,192.168.1.38,18.184.104.180,0.773,809.7357,0,0,0.18181819,178,23314920
None,192.168.1.195,::,0.394,0.353076,0,0,0.11111111,5,52697
None,192.168.1.190,::,0.393,532.56506,0,0,0.22222222,4,129928
None,192.168.1.190,::,0.57,1567.7996,0,0,0.6666667,6,59084
None,192.168.1.195,::,0.472,8.083787,0,0,0.22222222,6,65837
None,192.168.1.190,216.239.34.10,0.465,2.036949,0,0,0.11111111,21,3762
None,192.168.1.190,61.9.129.180,0.457,0.210042,0,0,0.11111111,11,2047
None,192.168.1.180,203.206.205.83,0.447,10.192679,0,0,0.11111111,5,1520
None,192.168.1.190,216.239.32.10,0.438,1.269656,0,0,0.11111111,12,2218
None,192.168.1.190,199.253.182.182,0.421,0.53545,0,0,0.11111111,4,3517
None,192.168.1.190,23.59.163.54,0.42,0.175837,0,0,0.11111111,7,1388
None,192.168.1.190,204.48.34.10,0.42,0.045928,0,0,0.11111111,5,1068
None,192.168.1.190,208.80.153.231,0.419,1.050187,0,0,0.11111111,5,860
None,192.168.1.190,173.245.58.57,0.416,0.088816,0,0,0.11111111,5,944
None,192.168.1.190,23.59.163.95,0.414,0.187555,0,0,0.11111111,8,1600
None,192.168.1.190,91.189.91.139,0.404,1.323747,0,0,0.11111111,5,1415
None,192.168.1.190,23.59.163.78,0.396,0.259306,0,0,0.11111111,8,1596
None,192.168.1.190,172.85.88.4,0.395,0.117698,0,0,0.11111111,5,983
None,192.168.1.190,208.84.2.53,0.395,0.081122,0,0,0.11111111,9,1671
None,192.168.1.190,216.239.36.10,0.391,0.458627,0,0,0.11111111,7,830
None,192.168.1.190,65.22.199.1,0.389,0.414912,0,0,0.11111111,26,18885
None,192.168.1.180,27.124.125.251,0.381,72.26194,0,0,0.11111111,4,1672
None,192.168.1.180,27.124.125.250,0.378,69.92079,0,0,0.11111111,4,1672
None,192.168.1.190,69.28.180.4,0.377,0.099734,0,0,0.11111111,5,1068
None,192.168.1.190,149.135.83.111,0.376,0.182384,0,0,0.11111111,8,1600
None,192.168.1.180,116.66.161.7,0.376,68.09105,0,0,0.11111111,4,1672
None,192.168.1.190,216.239.38.10,0.374,0.728711,0,0,0.11111111,4,684
None,192.168.1.190,23.59.163.92,0.374,0.212822,0,0,0.11111111,7,1386
None,192.168.1.190,206.81.15.158,0.373,25.071484,0,0,0.33333334,4,1468
None,192.168.1.190,208.80.154.238,0.37,1.231198,0,0,0.11111111,5,834
None,192.168.1.31,220.158.215.20,0.353,0.246323,0,0,0.22222222,7,988
None,192.168.1.190,205.251.196.252,0.352,0.526759,0,0,0.11111111,4,1924
None,192.168.1.190,199.249.120.1,0.319,0.202349,0,0,0.11111111,11,10397
None,192.168.1.190,204.74.108.1,0.295,0.06936,0,0,0.11111111,5,1546
None,192.168.1.190,202.12.31.53,0.291,0.161162,0,0,0.11111111,12,7027
None,192.168.1.190,198.41.0.4,0.291,0.87914,0,0,0.11111111,7,7613
None,192.168.1.190,199.4.138.53,0.286,0.679733,0,0,0.11111111,4,4614
None,192.168.1.195,::,0.284,29.611643,0,0,0.22222222,7,16765
None,192.168.1.190,192.33.4.12,0.276,1.533321,0,0,0.11111111,9,11143
None,192.168.1.190,205.251.192.206,0.272,0.165519,0,0,0.11111111,14,4968
None,192.168.1.190,203.119.95.53,0.257,0.501251,0,0,0.11111111,19,12708
None,192.168.1.195,52.139.250.253,0.092,3018.047,0,0,0.11111111,5,7294
None,192.168.1.190,149.135.83.69,0.5,0.111407,0,0,0.125,8,1442
None,192.168.1.33,::,0.602,2934.7998,0,0,0.5,10,98660
None,192.168.1.36,::,0.586,1966.3728,0,0,0.5,154,239064
None,192.168.1.180,203.122.222.157,0.489,0.184489,0,0,0.125,5,760
None,192.168.1.190,192.5.6.30,0.476,0.380154,0,0,0.125,28,23942
None,192.168.1.190,91.189.95.3,0.474,1.453918,0,0,0.125,4,1094
None,192.168.1.180,121.0.0.41,0.46,0.100317,0,0,0.125,4,608
None,192.168.1.180,61.68.38.238,0.455,0.288682,0,0,0.125,4,608
None,192.168.1.190,208.76.45.53,0.453,0.139209,0,0,0.125,12,2070
None,192.168.1.190,216.239.32.10,0.451,1.336188,0,0,0.125,13,2321
None,192.168.1.190,199.7.83.42,0.45,0.472385,0,0,0.125,26,30918
None,192.168.1.180,27.124.125.251,0.437,0.266839,0,0,0.125,4,608
None,192.168.1.190,125.56.205.239,0.434,0.073176,0,0,0.125,4,1000
None,192.168.1.190,203.119.95.53,0.433,0.294686,0,0,0.125,14,10677
None,192.168.1.190,192.58.128.30,0.428,0.511267,0,0,0.125,33,38663
None,192.168.1.180,203.206.205.83,0.425,0.147275,0,0,0.125,4,608
None,192.168.1.180,144.48.166.166,0.415,0.078017,0,0,0.125,4,608
None,192.168.1.190,208.84.2.53,0.408,0.187947,0,0,0.125,16,3099
None,192.168.1.180,13.211.167.211,0.408,0.056162,0,0,0.125,4,608
None,192.168.1.33,213.165.242.10,0.407,54.370087,0,0,0.375,9,2900
None,192.168.1.190,199.212.0.53,0.404,1.4349,0,0,0.125,6,3492
None,192.168.1.180,103.214.220.220,0.399,0.052207,0,0,0.125,4,532
None,192.168.1.190,104.72.70.175,0.398,0.054792,0,0,0.125,4,968
None,192.168.1.180,27.124.125.250,0.389,0.270559,0,0,0.125,4,608
None,192.168.1.36,206.81.15.158,0.387,34.681652,0,0,0.375,8,2340
None,192.168.1.180,129.250.35.251,0.386,0.110838,0,0,0.125,4,608
None,192.168.1.180,116.66.161.7,0.384,0.104178,0,0,0.125,4,608
None,192.168.1.180,103.126.53.123,0.381,0.098805,0,0,0.125,4,608
None,192.168.1.190,205.251.193.2,0.374,0.063282,0,0,0.125,4,1352
None,192.168.1.190,193.108.88.128,0.371,0.103564,0,0,0.125,9,1969
None,192.168.1.190,65.22.196.1,0.355,0.383093,0,0,0.125,20,13157
None,192.168.1.190,216.239.34.10,0.354,0.956442,0,0,0.125,10,1750
None,192.168.1.184,91.189.91.157,0.353,1.658348,0,0,0.125,7,988
None,192.168.1.33,104.27.172.120,0.348,21.172022,0,0,0.125,4,1128
None,192.168.1.36,213.165.242.10,0.345,30.382483,0,0,0.375,5,1536
None,192.168.1.190,192.112.36.4,0.337,1.059278,0,0,0.125,7,8175
None,192.168.1.36,::,0.332,9.213606,0,0,0.25,5,48222
None,192.168.1.190,65.22.199.1,0.284,0.439321,0,0,0.125,34,20958
None,192.168.1.36,::,0.283,9.970034,0,0,0.125,4,25084
None,192.168.1.33,206.81.15.158,0.278,49.11197,0,0,0.375,9,2668
None,192.168.1.190,27.124.125.3,0.268,0.287643,0,0,0.125,4,1198
None,192.168.1.33,104.27.173.120,0.245,10.55046,0,0,0.375,4,644
None,192.168.1.33,::,0.266,904.25946,0,0,0.5,5,32933
None,192.168.1.35,::,0.5,33.987427,0,0,0.5,50,146224
None,192.168.1.36,::,0.503,207.50984,0,0,0.6,129,163797
None,192.168.1.180,103.126.53.123,0.494,0.068856,0,0,0.1,5,760
None,192.168.1.190,209.107.211.4,0.493,0.099516,0,0,0.1,6,1274
None,192.168.1.180,103.214.220.220,0.491,0.093648,0,0,0.1,5,760
None,192.168.1.180,203.206.205.83,0.488,0.211028,0,0,0.1,5,760
None,192.168.1.180,13.211.167.211,0.484,0.086032,0,0,0.1,5,760
None,192.168.1.180,116.66.161.7,0.484,0.190446,0,0,0.1,5,760
None,192.168.1.180,121.0.0.41,0.482,0.122116,0,0,0.1,5,760
None,192.168.1.180,27.124.125.251,0.479,0.392691,0,0,0.1,5,760
None,192.168.1.190,199.7.83.42,0.477,0.158986,0,0,0.1,13,15534
None,192.168.1.180,203.122.222.157,0.476,0.142301,0,0,0.1,4,608
None,192.168.1.190,192.58.128.30,0.475,0.209288,0,0,0.1,16,19220
None,192.168.1.180,61.68.38.238,0.464,0.359755,0,0,0.1,5,760
None,192.168.1.180,144.48.166.166,0.462,0.113512,0,0,0.1,5,760
None,192.168.1.180,129.250.35.251,0.456,0.162668,0,0,0.1,5,760
None,192.168.1.190,192.26.92.30,0.455,0.162684,0,0,0.1,6,5146
None,192.168.1.38,::,0.445,1218.4153,0,0,0.5,864,11486588
None,192.168.1.35,::,0.445,1907.9496,0,0,0.5,1557,20845725
None,192.168.1.190,61.9.129.198,0.444,0.139221,0,0,0.1,5,940
None,192.168.1.190,199.253.182.182,0.44,0.690381,0,0,0.1,4,3636
None,192.168.1.38,::,0.438,19.722586,0,0,0.5,30,99220
None,192.168.1.190,193.108.88.128,0.436,0.110807,0,0,0.1,9,2018
None,192.168.1.190,69.28.180.4,0.42,0.07389,0,0,0.1,5,935
None,192.168.1.190,23.59.163.39,0.414,0.24239,0,0,0.1,8,1600
None,192.168.1.190,23.213.128.53,0.402,0.109062,0,0,0.1,4,840
None,192.168.1.190,23.205.116.86,0.398,0.358911,0,0,0.1,8,1596
None,192.168.1.33,213.165.242.10,0.394,30.692595,0,0,0.1,5,1692
None,192.168.1.190,104.116.163.47,0.39,0.128356,0,0,0.1,5,1022
None,192.168.1.190,125.56.205.236,0.388,0.050687,0,0,0.1,4,976
None,192.168.1.190,192.33.14.30,0.381,0.13908,0,0,0.1,10,8572
None,192.168.1.180,27.124.125.250,0.379,0.358185,0,0,0.1,5,760
None,192.168.1.195,::,0.377,5.773389,0,0,0.2,5,63634
None,192.168.1.190,208.84.2.53,0.348,0.064072,0,0,0.1,5,1095
None,192.168.1.33,206.81.15.158,0.347,18.632868,0,0,0.2,4,1244
None,192.168.1.190,192.203.230.10,0.325,0.159176,0,0,0.1,9,11117
None,192.168.1.190,199.7.91.13,0.302,0.199426,0,0,0.1,13,16112
None,192.168.1.190,199.180.182.53,0.5,1.006985,0,0,0.14285715,4,3628
None,192.168.1.190,193.108.91.240,0.407,0.146923,0,0,0.14285715,10,2040
None,192.168.1.195,8.8.8.8,0.393,1.327012,0,0,0.14285715,4,1025
None,192.168.1.190,65.22.199.1,0.308,0.223683,0,0,0.14285715,12,7468
None,192.168.1.190,192.26.92.30,0.294,0.096122,0,0,0.14285715,4,3428
None,10.0.1.96,::,0.5,3519.6511,0,0,0.2,32,281632
None,10.0.1.240,52.94.177.10,0.524,54.19041,0,0,0.8,12,11358
None,10.0.1.240,52.119.171.48,0.509,54.203617,0,0,0.8,12,11078
None,10.0.1.96,::,0.499,29.872423,0,0,0.2,10,108746
None,10.0.1.96,35.244.193.51,0.489,9.244305,0,0,0.2,6,60567
None,10.0.1.240,149.28.86.80,0.489,0,0,0,0.2,4,1847
None,10.0.1.186,34.117.136.119,0.485,2.3559504,0,0,0.4,4,600
None,10.0.1.96,::,0.483,27.610966,0,0,0.2,8,463908
None,10.0.1.96,::,0.477,1033.3081,0,0,0.2,242,401711248
None,10.0.1.96,::,0.47,17.808577,0,0,0.2,8,448936
None,10.0.1.96,::,0.47,353.3623,0,0,0.2,80,616034
None,10.0.1.14,103.102.230.2,0.468,0,0,0,0.4,4,160
None,10.0.1.96,::,0.462,60.49067,0,0,0.2,28,234848
None,10.0.1.96,::,0.462,81.11592,0,0,0.2,16,382016
None,10.0.1.96,130.211.23.194,0.46,3.8180163,0,0,0.2,4,39487
None,10.0.1.96,::,0.46,49.94489,0,0,0.2,12,616768
None,10.0.1.96,::,0.458,624.4343,0,0,0.2,162,1686964
None,10.0.1.96,::,0.456,37.321224,0,0,0.2,14,134028
None,10.0.1.96,::,0.454,20.53789,0,0,0.2,8,116260
None,10.0.1.96,::,0.446,980.0382,0,0,0.2,256,1915214
None,10.0.1.96,::,0.441,80.19177,0,0,0.2,30,222318
None,10.0.1.186,79.110.62.173,0.438,0,0,0,0.2,12,480
None,10.0.1.96,::,0.434,100.32449,0,0,0.2,32,300258
None,10.0.1.240,162.142.125.246,0.433,0,0,0,0.2,5,626
None,10.0.1.96,::,0.428,41.84854,0,0,0.2,12,110902
None,10.0.1.96,::,0.428,43.718857,0,0,0.2,14,379860
None,10.0.1.96,::,0.421,23.963276,0,0,0.2,8,76284
None,10.0.1.240,199.167.194.100,0.419,11.368701,0,0,0.2,141,10032
None,10.0.1.96,::,0.417,33.45433,0,0,0.2,12,1316430
None,10.0.1.96,::,0.416,55.90376,0,0,0.2,18,280152
None,10.0.1.96,::,0.416,31.088919,0,0,0.2,12,1051050
None,10.0.1.96,::,0.414,18.095886,0,0,0.2,8,95112
None,10.0.1.96,3.163.24.18,0.408,10.746099,0,0,0.2,4,150444
None,10.0.1.96,::,0.407,28.780865,0,0,0.2,10,115468
None,10.0.1.240,162.142.125.240,0.407,0,0,0,0.2,5,341
None,10.0.1.240,162.142.125.255,0.398,0,0,0,0.2,5,407
None,10.0.1.96,::,0.398,23.323772,0,0,0.2,8,289966
None,10.0.1.96,::,0.393,43.0895,0,0,0.2,16,163194
None,10.0.1.186,18.224.21.96,0.389,0,0,0,0.2,5,200
None,10.0.1.96,::,0.387,33.183823,0,0,0.2,10,105442
None,10.0.1.96,::,0.386,125.06359,0,0,0.2,36,5635620
None,10.0.1.96,::,0.385,46.049236,0,0,0.2,16,143192
None,10.0.1.96,151.101.22.217,0.385,11.955441,0,0,0.2,6,188995
None,10.0.1.96,::,0.382,20.889935,0,0,0.2,8,62294
None,10.0.1.96,::,0.374,160.13028,0,0,0.2,50,450196
None,10.0.1.96,::,0.374,40.219627,0,0,0.2,16,127108
None,10.0.1.96,::,0.374,26.038319,0,0,0.2,8,82238
None,10.0.1.240,45.142.182.123,0.373,0,0,0,0.2,4,364
None,10.0.1.96,142.250.217.68,0.372,4.011844,0,0,0.2,5,83979
None,10.0.1.96,::,0.371,29.962872,0,0,0.2,8,102314
None,10.0.1.240,62.122.214.229,0.371,8.82E-06,0,0,0.2,4,415
None,10.0.1.96,::,0.368,31.850304,0,0,0.2,14,1046740
None,10.0.1.240,162.142.125.243,0.366,0,0,0,0.2,4,354
None,10.0.1.96,::,0.365,40.275703,0,0,0.2,10,79762
None,10.0.1.96,::,0.362,22.82491,0,0,0.2,8,695086
None,10.0.1.96,::,0.362,56.5545,0,0,0.2,18,328158
None,10.0.1.96,::,0.361,30.458626,0,0,0.2,16,176060
None,10.0.1.240,162.142.125.251,0.359,0,0,0,0.2,4,1417
None,10.0.1.96,::,0.357,54.154568,0,0,0.2,14,106828
None,10.0.2.16,194.94.127.98,0.626,1014.6771,0,0,1,77,96775
None,10.0.2.16,66.148.64.18,0.497,1508.5812,0,0,1,122,85328
None,10.0.2.16,66.235.168.5,0.43,263.46396,0,0,1,15,9237
None,10.0.2.112,8.8.8.8,0.584,0.236343,0,0,1,12,1772
None,10.0.2.112,37.19.5.22,0,3605.1895,0.20009609,0,1,2,34524
None,10.0.2.110,8.8.8.8,0.584,0.143734,0,0,1,12,1772
None,10.0.2.110,37.19.5.22,0,3605.1936,0.20009618,0,1,2,34684
None,10.0.2.110,::,0,3605.1936,0.20009618,0,1,2,34684
None,10.0.3.15,185.125.190.83,0.467,41.506657,0,0,0.25,22,24324
None,10.0.3.15,45.33.32.156,0.458,233.12318,0,0,0.25,158,48760
None,10.0.3.15,3.94.41.167,0.372,6.11746,0,0,0.25,6,660
None,10.0.3.15,52.86.6.113,0.36,6.110899,0,0,0.25,6,660
None,10.0.3.15,34.205.242.146,0.36,6.089175,0,0,0.25,7,744
None,10.0.3.15,52.71.57.184,0.355,12.224725,0,0,0.25,13,1404
None,10.0.3.15,::,0.278,3.449971,0,0,0.5,4,34026
None,10.0.3.15,13.248.169.48,0.269,52.81905,0,0,0.25,7,19823
None,10.0.3.15,54.209.32.212,0.223,13.798344,0,0,0.25,16,2878
None,10.0.3.15,185.125.190.82,0.197,27.812187,0,0,0.25,14,15477
None,10.0.3.15,54.161.222.85,0.187,8.10797,0,0,0.25,8,2054
None,10.0.3.15,::,0.479,19.214617,0,0,0.5,100,69740
None,10.0.3.15,::,0.448,537.2763,0,0,0.5,100,108383760
None,192.168.1.190,103.242.70.7,0.5,0.371876,0,0,0.11111111,8,1344
None,192.168.1.180,192.0.32.59,0.5,49.62941,0,0,0.11111111,132,141964
None,192.168.1.190,103.242.68.70,0.5,0.431466,0,0,0.11111111,10,2104
None,192.168.1.180,199.15.83.22,0.499,2.352333,0,0,0.11111111,37,66452
None,192.168.1.190,192.5.6.30,0.491,0.38248,0,0,0.11111111,30,25459
None,192.168.1.195,::,0.487,1664.3722,0,0,0.44444445,22,254295
None,192.168.1.190,199.7.91.13,0.466,0.335267,0,0,0.11111111,15,28942
None,192.168.1.190,193.108.91.240,0.451,0.260291,0,0,0.11111111,21,8018
None,192.168.1.190,192.58.128.30,0.439,0.477967,0,0,0.11111111,33,38163
None,192.168.1.169,74.125.171.136,0.414,1134.1344,0,0,0.22222222,112,377629629
None,192.168.1.190,192.82.134.30,0.411,2.146604,0,0,0.11111111,17,10952
None,192.168.1.190,216.239.32.10,0.403,1.446956,0,0,0.11111111,14,2676
None,192.168.1.180,199.15.85.130,0.398,3.23759,0,0,0.11111111,6,18313
None,192.168.1.34,40.90.190.179,0.395,41.22695,0,0,0.22222222,10,53268
None,192.168.1.190,192.26.92.30,0.384,0.255919,0,0,0.11111111,14,11099
None,192.168.1.180,192.34.234.30,0.381,10.266796,0,0,0.11111111,40,169752
None,192.168.1.190,199.71.0.63,0.377,0.97836,0,0,0.11111111,4,2581
None,192.168.1.180,202.46.190.12,0.375,1.058945,0,0,0.11111111,10,29882
None,192.168.1.180,192.30.45.30,0.374,14.83108,0,0,0.11111111,42,173704
None,192.168.1.190,203.119.95.53,0.368,0.264174,0,0,0.11111111,11,7408
None,192.168.1.31,101.119.11.17,0.351,716.1779,0,0,0.22222222,4,20888
None,192.168.1.195,8.8.8.8,0.35,19.356085,0,0,0.11111111,15,959919
None,192.168.1.190,193.221.113.53,0.346,0.092059,0,0,0.11111111,4,931
None,192.168.1.31,220.158.215.20,0.341,0.232604,0,0,0.22222222,6,1064
None,192.168.1.190,204.61.216.50,0.32,0.306139,0,0,0.11111111,23,12794
None,192.168.1.190,205.251.193.2,0.318,0.150594,0,0,0.11111111,12,4112
None,192.168.1.195,13.68.93.109,0.313,1936.8462,0,0,0.22222222,66,2126077
None,192.168.1.180,199.15.84.131,0.313,4.875284,0,0,0.11111111,9,32694
None,192.168.1.195,::,0.301,41.583252,0,0,0.44444445,10,424080
None,192.168.1.190,202.12.31.53,0.298,0.235904,0,0,0.11111111,17,11345
None,192.168.1.190,193.0.14.129,0.297,0.294131,0,0,0.11111111,12,13924
None,192.168.1.190,204.69.234.1,0.29,0.221362,0,0,0.11111111,17,3263
None,192.168.1.190,205.251.193.121,0.285,0.148136,0,0,0.11111111,12,4036
None,192.168.1.190,204.61.216.100,0.282,0.251729,0,0,0.11111111,13,13026
None,192.168.1.190,91.189.94.173,0.268,0.966176,0,0,0.11111111,4,1348
None,192.168.1.190,95.100.173.129,0.222,47.318527,0,0,0.11111111,6,1719442
None,192.168.1.190,95.101.36.128,0.21,93.164,0,0,0.11111111,21,12059466
None,192.168.1.190,207.171.178.132,0.199,1.124868,0,0,0.11111111,5,2044
None,192.168.1.34,117.18.237.29,0.199,760.6286,0,0,0.33333334,9,31427
None,192.168.1.190,199.7.83.42,0.19,0.267888,0,0,0.11111111,15,17788
None,192.168.1.190,192.5.5.241,0.171,6.072013,0,0,0.11111111,20,473615
None,192.168.1.190,23.61.199.131,0.161,41.73232,0,0,0.11111111,7,1978755
None,192.168.1.34,216.58.199.34,0.16,539.9995,0,0,0.22222222,11,226112
None,192.168.1.34,40.90.189.152,0.154,133.6763,0,0,0.33333334,4,14846
None,192.168.1.180,213.248.242.41,0.153,2.929689,0,0,0.11111111,4,8790
None,192.168.1.190,117.18.237.29,0.145,536.3133,0,0,0.33333334,7,24508
None,192.168.1.190,95.100.168.130,0.136,39.113495,0,0,0.11111111,5,682970
None,192.168.1.31,216.58.199.34,0.13,585.745,0,0,0.22222222,9,202662
None,192.168.1.190,2.22.230.130,0.114,15.917232,0,0,0.11111111,4,302105
None,192.168.1.190,184.26.160.131,0.114,26.320057,0,0,0.11111111,4,1104733
None,192.168.1.190,96.7.49.129,0.072,120.88313,0,0,0.11111111,13,9854136
None,192.168.1.190,84.53.139.129,0.069,20.541634,0,0,0.11111111,7,991325
None,192.168.1.190,184.85.248.128,0.054,64.75189,0,0,0.11111111,10,7418439
None,192.168.1.180,199.15.84.131,0.5,23.022755,0,0,0.11111111,43,156957
None,192.168.1.180,81.91.170.6,0.5,14.323274,0,0,0.11111111,20,33792
None,192.168.1.180,202.46.190.12,0.5,2.56361,0,0,0.11111111,20,59572
None,192.168.1.180,27.124.125.251,0.5,0.485441,0,0,0.11111111,7,1064
None,192.168.1.190,192.5.5.241,0.5,0.578545,0,0,0.11111111,38,44059
None,192.168.1.180,185.135.155.134,0.5,3.04149,0,0,0.11111111,4,23068
None,192.168.1.180,27.124.125.250,0.498,0.340327,0,0,0.11111111,6,836
None,192.168.1.180,27.124.125.252,0.498,0.278833,0,0,0.11111111,4,608
None,192.168.1.180,185.36.4.9,0.497,6.55965,0,0,0.11111111,10,32014
None,192.168.1.190,199.7.83.42,0.489,4.827379,0,0,0.11111111,49,57138
None,192.168.1.195,::,0.486,15.684047,0,0,0.44444445,10,57300
None,192.168.1.180,192.34.234.30,0.485,16.809061,0,0,0.11111111,63,266654
None,192.168.1.180,165.160.32.149,0.472,3.466771,0,0,0.11111111,7,30715
None,192.168.1.190,96.7.49.129,0.47,0.792337,0,0,0.11111111,9,1854
None,192.168.1.190,204.69.234.1,0.457,0.446121,0,0,0.11111111,28,5334
None,192.168.1.31,52.139.250.253,0.454,3.753767,0,0,0.33333334,6,27738
None,192.168.1.190,199.7.91.13,0.454,0.543313,0,0,0.11111111,24,28078
None,192.168.1.180,104.238.108.1,0.453,6.107234,0,0,0.11111111,11,45419
None,192.168.1.190,203.119.95.53,0.449,0.610993,0,0,0.11111111,25,19354
None,192.168.1.190,23.61.199.131,0.447,0.815594,0,0,0.11111111,5,1070
None,192.168.1.190,::,0.433,11.08805,0,0,0.11111111,16,15824
None,192.168.1.190,192.33.14.30,0.429,41.880672,0,0,0.11111111,40,41571
None,192.168.1.190,192.58.128.30,0.425,1.155158,0,0,0.11111111,84,91419
None,192.168.1.190,84.53.139.129,0.416,0.971508,0,0,0.11111111,4,906
None,192.168.1.34,52.139.250.253,0.415,3.720409,0,0,0.33333334,6,27738
None,192.168.1.34,40.90.189.152,0.407,3.703257,0,0,0.44444445,6,27482
None,192.168.1.190,192.0.47.252,0.394,1.218623,0,0,0.11111111,5,2434
None,192.168.1.34,216.58.200.98,0.384,107.06934,0,0,0.11111111,10,207438
None,192.168.1.190,95.101.36.128,0.369,0.667824,0,0,0.11111111,6,1272
None,192.168.1.190,65.22.6.1,0.364,0.887728,0,0,0.11111111,7,4097
None,192.168.1.190,192.42.177.30,0.361,0.933035,0,0,0.11111111,6,4210
None,192.168.1.190,208.84.0.53,0.352,0.128098,0,0,0.11111111,4,1387
None,192.168.1.190,202.12.27.33,0.344,1.166591,0,0,0.11111111,7,7712
None,192.168.1.190,192.228.79.201,0.337,1.199785,0,0,0.11111111,7,7531
None,192.168.1.180,213.248.242.41,0.333,14.001809,0,0,0.11111111,19,42590
None,192.168.1.190,156.154.101.3,0.331,0.127876,0,0,0.11111111,9,7978
None,192.168.1.190,156.154.102.3,0.33,0.13181,0,0,0.11111111,10,9051
None,192.168.1.190,192.112.36.4,0.324,0.858902,0,0,0.11111111,8,10697
None,192.168.1.190,65.22.197.1,0.312,0.388449,0,0,0.11111111,17,11812
None,192.168.1.180,199.15.85.130,0.312,5.869018,0,0,0.11111111,11,34994
None,192.168.1.180,200.160.2.3,0.306,4.064339,0,0,0.11111111,6,15904
None,192.168.1.31,52.114.74.45,0.303,8.431423,0,0,0.22222222,6,28818
None,192.168.1.190,198.41.0.4,0.3,1.149487,0,0,0.11111111,9,8652
None,192.168.1.190,208.76.45.53,0.295,4.492772,0,0,0.11111111,7,1770
None,192.168.1.190,202.81.67.132,0.292,0.158072,0,0,0.11111111,13,19591
None,192.168.1.190,199.249.120.1,0.287,0.518723,0,0,0.11111111,24,20707
None,192.168.1.190,192.82.134.30,0.276,2.929884,0,0,0.11111111,23,15355
None,192.168.1.190,193.221.113.53,0.272,0.28621,0,0,0.11111111,12,2255
None,192.168.1.190,199.43.135.53,0.272,0.875646,0,0,0.11111111,5,4319
None,192.168.1.190,128.63.2.53,0.271,1.884899,0,0,0.11111111,6,6966
None,192.168.1.190,192.36.148.17,0.268,1.01579,0,0,0.11111111,8,8623
None,192.168.1.169,74.125.171.136,0.268,1282.5209,0,0,0.11111111,9,26168708
None,192.168.1.190,192.26.92.30,0.267,0.634822,0,0,0.11111111,23,18197
None,192.168.1.190,199.43.133.53,0.262,1.400844,0,0,0.11111111,8,7448
None,192.168.1.190,192.203.230.10,0.26,0.385959,0,0,0.11111111,13,14527
None,192.168.1.190,204.74.101.1,0.26,39.184032,0,0,0.11111111,12,2860
None,192.168.1.190,199.43.134.53,0.256,0.877901,0,0,0.11111111,4,4936
None,192.168.1.180,195.253.23.173,0.218,4.969155,0,0,0.11111111,5,13712
None,192.168.1.190,199.4.138.53,0.214,1.187874,0,0,0.11111111,7,9015
None,192.168.1.180,199.15.83.22,0.212,5.462745,0,0,0.11111111,84,88329
None,192.168.1.190,216.239.34.10,0.209,0.522451,0,0,0.11111111,5,1001
None,192.168.1.190,65.22.199.1,0.206,0.190464,0,0,0.11111111,13,7539
None,192.168.1.190,199.19.56.1,0.193,0.832441,0,0,0.11111111,7,4535
None,192.168.1.169,74.125.109.8,0.187,610.5304,0,0,0.11111111,16,10316226
None,192.168.1.31,54.187.176.55,0.124,62.407097,0,0,0.11111111,5,7111
None,192.168.1.31,::,0.123,112.13729,0,0,0.33333334,6,46316
None,192.168.1.195,13.68.93.109,0.5,112.77064,0,0,0.33333334,4,3770
None,192.168.1.195,::,0.597,152.65755,0,0,0.6666667,6,63082
None,192.168.1.190,203.119.86.101,0.496,0.176729,0,0,0.16666667,5,9701
None,192.168.1.169,74.125.171.136,0.45,271.7362,0,0,0.16666667,10,4947210
None,192.168.1.190,205.251.193.121,0.379,0.099901,0,0,0.16666667,8,2652
None,192.168.1.190,193.108.91.240,0.374,0.122991,0,0,0.16666667,9,3938
None,192.168.1.190,193.108.88.128,0.363,0.090699,0,0,0.16666667,7,1498
None,192.168.1.180,129.250.35.250,0.5,0.165311,0,0,0.1,5,760
None,192.168.1.180,192.0.32.59,0.5,54.738834,0,0,0.1,71,76413
None,192.168.1.31,182.50.136.239,0.435,36.618866,0,0,0.2,13,17367
None,192.168.1.31,101.119.11.11,0.108,941.5757,0,0,0.2,7,28406
None,192.168.1.180,192.34.234.30,0.488,14.289945,0,0,0.1,36,147248
None,192.168.1.190,192.33.14.30,0.462,1.167834,0,0,0.1,76,65873
None,192.168.1.180,199.15.84.131,0.438,20.61243,0,0,0.1,27,99218
None,192.168.1.190,192.203.230.10,0.419,0.377139,0,0,0.1,17,19169
None,192.168.1.190,199.7.83.42,0.416,0.306029,0,0,0.1,26,25870
None,192.168.1.190,192.58.128.30,0.395,0.477137,0,0,0.1,33,31845
None,192.168.1.193,8.8.8.8,0.39,8.537733,0,0,0.2,64,12390
None,192.168.1.190,88.221.81.192,0.385,0.085361,0,0,0.1,6,1118
None,192.168.1.190,13.107.24.201,0.376,0.229498,0,0,0.1,4,802
None,192.168.1.190,192.82.134.30,0.374,0.477916,0,0,0.1,5,2559
None,192.168.1.180,165.160.32.149,0.37,3.110193,0,0,0.1,6,25937
None,192.168.1.190,199.249.120.1,0.366,0.167256,0,0,0.1,15,11803
None,192.168.1.190,156.154.102.3,0.353,0.058737,0,0,0.1,7,6608
None,192.168.1.190,216.239.34.10,0.352,1.168349,0,0,0.1,11,2075
None,192.168.1.195,::,0.349,415.46384,0,0,0.2,5,32417
None,192.168.1.190,131.253.21.1,0.342,0.081931,0,0,0.1,6,1139
None,192.168.1.195,::,0.336,524.0727,0,0,0.2,8,282510
None,192.168.1.195,::,0.324,60.93918,0,0,0.2,5,41740
None,192.168.1.195,::,0.323,143.71864,0,0,0.2,7,3501961
None,192.168.1.195,::,0.322,470.93448,0,0,0.6,4,11733
None,192.168.1.195,::,0.321,272.37466,0,0,0.2,5,31121
None,192.168.1.190,193.0.14.129,0.317,0.198883,0,0,0.1,11,11064
None,192.168.1.190,192.5.5.241,0.314,0.460677,0,0,0.1,24,21488
None,192.168.1.180,213.248.242.41,0.313,12.021735,0,0,0.1,14,31575
None,192.168.1.190,156.154.101.3,0.306,0.125985,0,0,0.1,8,6799
None,192.168.1.190,204.79.197.1,0.304,0.125061,0,0,0.1,7,1307
None,192.168.1.190,205.251.192.206,0.29,0.074392,0,0,0.1,8,2659
None,192.168.1.190,192.26.92.30,0.29,0.553821,0,0,0.1,18,14380
None,192.168.1.30,::,0.29,4.960307,0,0,0.3,6,20065
None,192.168.1.195,::,0.287,276.1329,0,0,0.2,6,55157
None,192.168.1.195,8.8.8.8,0.287,3.182594,0,0,0.2,20,4068
None,192.168.1.190,65.22.196.1,0.287,0.43568,0,0,0.1,20,12871
None,192.168.1.190,203.119.95.53,0.284,0.471762,0,0,0.1,21,19100
None,192.168.1.180,104.238.108.1,0.284,6.468192,0,0,0.1,8,29233
None,192.168.1.180,202.46.190.12,0.281,0.625895,0,0,0.1,6,17394
None,192.168.1.190,204.69.234.1,0.279,0.201032,0,0,0.1,12,2279
None,192.168.1.190,204.61.216.50,0.278,0.310455,0,0,0.1,15,12040
None,192.168.1.190,199.249.112.1,0.275,0.239504,0,0,0.1,21,18189
None,192.168.1.190,193.108.91.240,0.275,0.19868,0,0,0.1,11,6477
None,192.168.1.180,199.15.83.22,0.273,168.71535,0,0,0.1,64,84132
None,192.168.1.195,::,0.271,298.84244,0,0,0.2,5,51197
None,192.168.1.195,::,0.269,301.4061,0,0,0.2,5,44713
None,192.168.1.190,208.76.45.53,0.264,0.087315,0,0,0.1,8,1451
None,192.168.1.190,203.119.86.101,0.255,0.692268,0,0,0.1,37,17343
None,192.168.1.195,::,0.25,1802.5171,0,0,0.2,33,654042
None,192.168.1.195,::,0.249,204.88109,0,0,0.2,5,37841
None,192.168.1.190,199.7.91.13,0.245,0.440976,0,0,0.1,29,33185
None,192.168.1.195,::,0.244,1295.7457,0,0,0.2,24,273985
None,192.168.1.195,66.225.223.19,0.243,7.788356,0,0,0.1,12,54968
None,192.168.1.193,::,0.226,8.909885,0,0,0.1,4,83321
None,192.168.1.180,199.15.85.130,0.226,2.151418,0,0,0.1,4,13122
None,192.168.1.195,::,0.22,285.98706,0,0,0.2,7,127211
None,192.168.1.195,23.202.168.40,0.215,103.00246,0,0,0.1,10,261480
None,192.168.1.195,::,0.191,3.372426,0,0,0.2,5,31388
None,192.168.1.30,117.18.237.29,0.17,684.8943,0,0,0.4,10,38610
None,192.168.1.193,::,0.338,226.99251,0,0,0.6,4,10603
None,192.168.1.180,192.0.32.59,0.5,6.717018,0,0,0.1,19,19100
None,192.168.1.193,117.18.237.29,0.248,522.68805,0,0,0.2,5,21569
None,192.168.1.195,8.8.8.8,0.47,1.021617,0,0,0.2,8,2093
None,192.168.1.190,203.119.95.53,0.445,0.175315,0,0,0.1,7,5774
None,192.168.1.190,193.108.88.128,0.406,0.08945,0,0,0.1,10,2122
None,192.168.1.190,192.33.14.30,0.395,0.339042,0,0,0.1,25,18367
None,192.168.1.180,199.15.84.131,0.39,3.280069,0,0,0.1,4,260
None,192.168.1.30,::,0.385,977.9923,0,0,0.5,4,33036
None,192.168.1.190,199.7.83.42,0.376,0.299382,0,0,0.1,24,26701
None,192.168.1.193,172.217.25.46,0.374,330.97348,0,0,0.1,4,1727040
None,192.168.1.193,8.8.8.8,0.362,5.455288,0,0,0.2,50,9873
None,192.168.1.180,192.30.45.30,0.36,2.478468,0,0,0.1,4,16938
None,192.168.1.190,205.251.193.121,0.354,0.159697,0,0,0.1,12,3613
None,192.168.1.31,::,0.314,996.30237,0,0,0.5,4,30960
None,192.168.1.190,192.5.6.30,0.277,0.150063,0,0,0.1,10,8570
None,192.168.1.190,203.119.86.101,0.267,0.234931,0,0,0.1,10,6822
None,192.168.1.180,64.124.14.21,0.189,14.200027,0,0,0.1,9,31672
None,192.168.1.195,52.139.250.253,0.08,56.384655,0,0,0.1,7,14332
None,192.168.1.31,220.158.215.20,0.5,0.185635,0,0,0.1,5,760
None,192.168.1.184,91.189.91.157,0.5,1.31357,0,0,0.1,5,760
None,192.168.1.30,121.0.0.41,0.5,0.125681,0,0,0.1,5,760
None,192.168.1.193,::,0.579,1106.4838,0,0,0.5,6,9258601
None,192.168.1.190,88.221.81.192,0.498,0.171282,0,0,0.1,12,2302
None,192.168.1.190,192.5.5.241,0.491,0.18405,0,0,0.1,15,18062
None,192.168.1.190,192.203.230.10,0.481,0.161495,0,0,0.1,10,12303
None,192.168.1.190,23.213.128.12,0.479,0.305758,0,0,0.1,11,2220
None,192.168.1.190,128.63.2.53,0.461,3.110485,0,0,0.1,10,12318
None,192.168.1.190,91.189.94.173,0.461,1.517327,0,0,0.1,5,1450
None,192.168.1.190,64.4.48.4,0.458,1.304365,0,0,0.1,16,3248
None,192.168.1.190,104.116.163.54,0.457,0.19773,0,0,0.1,7,1300
None,192.168.1.190,91.189.95.3,0.442,1.526788,0,0,0.1,5,1284
None,192.168.1.190,104.116.163.60,0.428,0.275194,0,0,0.1,9,1780
None,192.168.1.190,61.9.129.198,0.413,0.247249,0,0,0.1,11,2153
None,192.168.1.190,198.41.0.4,0.411,1.252626,0,0,0.1,10,11911
None,192.168.1.190,205.251.193.2,0.409,0.080689,0,0,0.1,5,1690
None,192.168.1.190,184.85.248.65,0.389,0.496157,0,0,0.1,4,1427
None,192.168.1.190,193.0.14.129,0.389,0.243454,0,0,0.1,10,12245
None,192.168.1.190,192.26.92.30,0.388,0.120276,0,0,0.1,5,4305
None,192.168.1.190,202.12.27.33,0.385,1.634476,0,0,0.1,10,12239
None,192.168.1.190,192.228.79.201,0.382,1.521692,0,0,0.1,9,10742
None,192.168.1.190,192.36.148.17,0.378,0.76345,0,0,0.1,6,7016
None,192.168.1.193,8.8.8.8,0.375,7.816437,0,0,0.2,44,9650
None,192.168.1.190,192.112.36.4,0.373,0.951846,0,0,0.1,8,9791
None,192.168.1.195,::,0.359,0.471802,0,0,0.1,7,76030
None,192.168.1.190,23.206.194.234,0.325,0.170324,0,0,0.1,6,1013
None,192.168.1.190,104.116.163.47,0.316,0.349835,0,0,0.1,12,2391
None,192.168.1.190,192.5.6.30,0.293,0.226185,0,0,0.1,13,11194
None,192.168.1.195,::,0.225,2.600108,0,0,0.2,4,30831
None,192.168.1.30,::,0.465,269.313,0,0,0.6,8,44160
None,192.168.1.31,::,0.46,269.5464,0,0,0.6,8,44104
None,192.168.1.190,84.53.139.129,0.5,0.939032,0,0,0.11111111,4,812
None,192.168.1.30,121.0.0.41,0.5,0.125068,0,0,0.11111111,5,760
None,192.168.1.31,220.158.215.20,0.5,0.186428,0,0,0.11111111,5,760
None,192.168.1.184,91.189.91.157,0.5,1.325756,0,0,0.11111111,5,760
None,192.168.1.190,192.112.36.4,0.454,1.188634,0,0,0.11111111,10,12311
None,192.168.1.190,208.76.45.53,0.448,0.179017,0,0,0.11111111,9,1870
None,192.168.1.190,91.189.95.3,0.436,1.520922,0,0,0.11111111,5,1450
None,192.168.1.190,91.189.94.173,0.428,1.831388,0,0,0.11111111,6,1657
None,192.168.1.190,23.61.199.131,0.424,0.803903,0,0,0.11111111,5,1166
None,192.168.1.190,184.85.248.128,0.4,0.628621,0,0,0.11111111,5,1118
None,192.168.1.190,192.26.92.30,0.395,0.098876,0,0,0.11111111,4,3416
None,192.168.1.190,96.7.49.129,0.395,0.528919,0,0,0.11111111,4,904
None,192.168.1.195,::,0.394,0.322928,0,0,0.11111111,5,52697
None,192.168.1.190,91.189.91.139,0.388,1.319021,0,0,0.11111111,5,1284
None,192.168.1.190,202.12.27.33,0.385,1.273079,0,0,0.11111111,8,9788
None,192.168.1.190,216.239.32.10,0.379,0.620193,0,0,0.11111111,6,1038
None,192.168.1.190,192.5.5.241,0.365,0.10925,0,0,0.11111111,8,9778
None,192.168.1.190,192.36.148.17,0.347,1.480167,0,0,0.11111111,11,13503
None,192.168.1.193,::,0.345,787.29205,0,0,0.44444445,4,4045223
None,192.168.1.190,192.203.230.10,0.333,0.125751,0,0,0.11111111,10,12233
None,192.168.1.195,::,0.31,14.215442,0,0,0.22222222,8,73283
None,192.168.1.190,216.239.34.10,0.294,0.626894,0,0,0.11111111,6,1092
None,192.168.1.190,199.7.83.42,0.231,0.141245,0,0,0.11111111,11,13502
None,192.168.1.195,52.139.250.253,0.176,81.7111,0,0,0.11111111,7,16456
None,192.168.1.190,208.84.2.53,0.422,0.148883,0,0,0.11111111,11,2065
None,192.168.1.190,192.112.36.4,0.404,0.9631,0,0,0.11111111,8,9787
None,192.168.1.195,::,0.398,0.337762,0,0,0.11111111,5,93499
None,192.168.1.190,91.189.91.139,0.379,1.043154,0,0,0.11111111,4,1160
None,192.168.1.190,205.251.193.121,0.375,0.098511,0,0,0.11111111,8,2536
None,192.168.1.190,184.85.248.128,0.37,0.500412,0,0,0.11111111,4,888
None,192.168.1.190,23.61.199.131,0.37,0.650641,0,0,0.11111111,4,888
None,192.168.1.190,84.53.139.129,0.363,0.932585,0,0,0.11111111,4,884
None,192.168.1.190,194.25.0.125,0.5,2.22889,0,0,0.083333336,11,1835
None,192.168.1.190,5.11.11.1,0.5,0.36556,0,0,0.083333336,7,775
None,192.168.1.190,192.41.162.30,0.5,2.807495,0,0,0.083333336,16,12304
None,192.168.1.190,211.137.160.40,0.5,1.933026,0,0,0.083333336,11,1866
None,192.168.1.31,18.184.104.180,0.5,7.060548,0,0,0.33333334,36,3328
None,192.168.1.190,192.82.134.30,0.476,2.131841,0,0,0.083333336,22,12929
None,192.168.1.190,196.216.169.10,0.472,2.147408,0,0,0.083333336,9,2527
None,192.168.1.190,192.5.6.30,0.457,0.163378,0,0,0.083333336,27,14386
None,192.168.1.190,211.136.17.105,0.455,2.589934,0,0,0.083333336,17,2892
None,192.168.1.190,192.0.36.252,0.443,0.515663,0,0,0.083333336,5,1396
None,192.168.1.190,192.254.96.2,0.438,1.055024,0,0,0.083333336,4,648
None,192.168.1.180,199.15.83.22,0.438,3.855611,0,0,0.083333336,11,5714
None,192.168.1.193,8.8.8.8,0.432,3.573567,0,0,0.16666667,32,4909
None,192.168.1.190,211.136.20.201,0.414,7.620541,0,0,0.083333336,16,3758
None,192.168.1.190,192.42.178.30,0.41,1.067505,0,0,0.083333336,7,4289
None,192.168.1.190,203.119.86.101,0.407,0.806753,0,0,0.083333336,55,25730
None,192.168.1.180,64.124.14.21,0.399,7.054439,0,0,0.083333336,11,26332
None,192.168.1.190,199.252.154.234,0.381,1.340959,0,0,0.083333336,8,9883
None,192.168.1.180,192.30.45.30,0.378,99.99283,0,0,0.083333336,20,77874
None,192.168.1.31,::,0.373,44.024715,0,0,0.25,5,70896
None,192.168.1.190,199.71.0.63,0.356,2.868236,0,0,0.083333336,10,6109
None,192.168.1.190,204.74.101.1,0.344,1.97475,0,0,0.083333336,12,2189
None,192.168.1.180,199.15.85.130,0.333,4.385545,0,0,0.083333336,6,6652
None,192.168.1.180,218.241.97.11,0.332,49.24404,0,0,0.083333336,5,4337
None,192.168.1.30,::,0.331,32.953922,0,0,0.25,4,75925
None,192.168.1.190,193.0.9.10,0.329,2.325941,0,0,0.083333336,11,5765
None,192.168.1.190,199.253.183.183,0.327,6.582467,0,0,0.083333336,52,27594
None,192.168.1.190,203.119.95.53,0.32,0.206061,0,0,0.083333336,17,9241
None,192.168.1.190,193.0.9.9,0.318,1.110665,0,0,0.083333336,5,3116
None,192.168.1.190,193.0.9.1,0.31,4.042213,0,0,0.083333336,20,10540
None,192.168.1.190,204.61.216.50,0.309,0.578052,0,0,0.083333336,39,25614
None,192.168.1.190,199.43.133.53,0.307,1.13515,0,0,0.083333336,9,7376
None,192.168.1.190,199.43.135.53,0.305,18.75223,0,0,0.083333336,9,9652
None,192.168.1.190,192.5.5.241,0.297,0.118451,0,0,0.083333336,12,12719
None,192.168.1.190,200.3.13.14,0.284,1.687153,0,0,0.083333336,12,7197
None,192.168.1.190,199.180.180.63,0.281,1.202748,0,0,0.083333336,9,5172
None,192.168.1.190,192.36.148.17,0.281,0.854914,0,0,0.083333336,9,8264
None,192.168.1.190,192.54.112.30,0.28,3.623336,0,0,0.083333336,21,14284
None,192.168.1.190,204.61.216.100,0.278,0.01354,0,0,0.083333336,4,1457
None,192.168.1.190,192.55.83.30,0.278,0.986219,0,0,0.083333336,15,6680
None,192.168.1.190,192.42.93.30,0.272,2.212251,0,0,0.083333336,25,19462
None,192.168.1.180,192.34.234.30,0.271,65.079285,0,0,0.083333336,9,35958
None,192.168.1.190,65.22.6.1,0.267,0.393699,0,0,0.083333336,5,2226
None,192.168.1.190,193.0.9.6,0.267,11.590176,0,0,0.083333336,5,875
None,192.168.1.190,202.12.31.53,0.265,0.172534,0,0,0.083333336,10,5345
None,192.168.1.190,193.0.14.129,0.26,0.185798,0,0,0.083333336,12,9957
None,192.168.1.190,66.174.70.102,0.257,0.819558,0,0,0.083333336,5,724
None,192.168.1.190,194.146.106.106,0.246,0.222921,0,0,0.083333336,7,3271
None,192.168.1.180,64.69.216.61,0.245,12.128593,0,0,0.083333336,8,17738
None,192.168.1.190,192.35.51.30,0.234,0.893738,0,0,0.083333336,10,6150
None,192.168.1.190,199.7.91.13,0.228,0.162443,0,0,0.083333336,12,11459
None,192.168.1.190,200.10.60.53,0.225,8.219901,0,0,0.083333336,28,16237
None,192.168.1.190,199.180.182.53,0.223,1.951479,0,0,0.083333336,21,9807
None,192.168.1.190,203.119.26.3,0.212,0.496369,0,0,0.083333336,4,849
None,192.168.1.190,192.203.230.10,0.211,0.309964,0,0,0.083333336,20,17586
None,192.168.1.190,199.4.138.53,0.198,1.186893,0,0,0.083333336,10,7599
None,192.168.1.180,199.15.80.133,0.195,4.472988,0,0,0.083333336,5,7350
None,192.168.1.190,66.174.0.3,0.186,2.481107,0,0,0.083333336,9,1310
None,192.168.1.190,192.58.128.30,0.185,0.117935,0,0,0.083333336,12,10303
None,192.168.1.195,8.8.8.8,0.175,3.44873,0,0,0.16666667,4,833
None,192.168.1.190,199.212.0.53,0.172,44.523327,0,0,0.083333336,11,6563
None,192.168.1.190,192.5.4.1,0.157,0.611109,0,0,0.083333336,7,3564
None,192.168.1.30,::,0.145,7.326996,0,0,0.16666667,7,516361
None,192.168.1.190,199.212.0.63,0.113,0.632192,0,0,0.083333336,7,3486
None,192.168.1.30,220.158.215.20,0.491,0.305911,0,0,0.27272728,8,1216
None,192.168.1.190,91.189.94.173,0.485,42.49635,0,0,0.09090909,12,2866
None,192.168.1.190,91.189.91.139,0.462,91.67316,0,0,0.09090909,21,5150
None,192.168.1.190,194.169.218.114,0.428,0.074595,0,0,0.09090909,8,5296
None,192.168.1.190,192.5.6.30,0.39,0.394562,0,0,0.09090909,13,10749
None,192.168.1.180,218.241.97.11,0.384,109.720436,0,0,0.09090909,7,4312
None,192.168.1.190,212.18.248.114,0.384,0.398074,0,0,0.09090909,5,2576
None,192.168.1.190,192.5.5.241,0.382,0.050561,0,0,0.09090909,8,6409
None,192.168.1.180,202.171.47.220,0.375,33.55413,0,0,0.09090909,22,2640
None,192.168.1.190,199.252.162.243,0.373,0.674265,0,0,0.09090909,4,4020
None,192.168.1.190,192.0.36.252,0.36,0.524115,0,0,0.09090909,4,1344
None,192.168.1.190,202.171.47.204,0.359,1.060111,0,0,0.09090909,5,3581
None,192.168.1.190,199.252.157.234,0.344,0.632284,0,0,0.09090909,4,1712
None,192.168.1.190,91.189.95.3,0.339,14.952412,0,0,0.09090909,15,2945
None,192.168.1.193,8.8.8.8,0.308,0.163794,0,0,0.18181819,4,553
None,192.168.1.190,128.63.2.53,0.253,1.629661,0,0,0.09090909,8,5866
None,192.168.1.180,192.0.32.59,0.24,8.582488,0,0,0.09090909,7,8228
None,192.168.1.190,199.7.91.13,0.207,0.127059,0,0,0.09090909,8,7813
None,192.168.1.195,40.90.189.152,0.205,42.66726,0,0,0.09090909,5,8394
None,192.168.1.195,::,0.186,315.7769,0,0,0.18181819,9,44796
None,192.168.1.195,::,0.154,3.970768,0,0,0.09090909,5,31990
None,192.168.1.30,220.158.215.20,0.5,0.131405,0,0,0.27272728,4,532
None,192.168.1.190,193.108.88.128,0.489,0.09513,0,0,0.09090909,8,1605
None,192.168.1.31,::,0.479,2690.5894,0,0,0.18181819,11,77172
None,192.168.1.190,198.41.0.4,0.395,0.710033,0,0,0.09090909,6,7344
None,192.168.1.180,192.34.234.30,0.345,1.086127,0,0,0.09090909,4,16295
None,192.168.1.180,64.124.14.21,0.34,34.210274,0,0,0.09090909,8,25234
None,192.168.1.190,192.58.128.30,0.324,0.220387,0,0,0.09090909,7,6290
None,192.168.1.190,91.189.91.139,0.3,1.147948,0,0,0.09090909,8,1708
None,192.168.1.190,91.189.94.173,0.298,11.433278,0,0,0.09090909,11,2298
None,192.168.1.195,::,0.294,181.93214,0,0,0.18181819,4,24634
None,192.168.1.190,193.0.14.129,0.283,0.04672,0,0,0.09090909,7,8085
None,192.168.1.190,128.63.2.53,0.278,0.625442,0,0,0.09090909,6,2703
None,192.168.1.190,205.251.193.121,0.27,0.0948,0,0,0.09090909,7,1838
None,192.168.1.190,192.112.36.4,0.264,0.739406,0,0,0.09090909,6,7414
None,192.168.1.190,193.108.91.240,0.263,0.090406,0,0,0.09090909,6,4726
None,192.168.1.190,192.33.4.12,0.245,1.197074,0,0,0.09090909,7,8612
None,192.168.1.180,27.124.125.250,0.485,0.335672,0,0,0.11111111,5,760
None,192.168.1.180,220.158.215.21,0.484,0.185212,0,0,0.11111111,5,760
None,192.168.1.180,103.76.40.123,0.479,0.075942,0,0,0.11111111,5,760
None,192.168.1.180,220.158.215.20,0.479,0.196641,0,0,0.33333334,5,760
None,192.168.1.180,27.124.125.252,0.468,0.333243,0,0,0.11111111,5,760
None,192.168.1.180,13.55.50.68,0.435,0.067788,0,0,0.11111111,5,760
None,192.168.1.180,103.126.53.123,0.421,0.085937,0,0,0.11111111,4,608
None,192.168.1.180,103.38.120.36,0.412,0.074762,0,0,0.11111111,4,608
None,192.168.1.190,91.189.95.3,0.396,0.329033,0,0,0.11111111,4,509
None,192.168.1.190,208.84.0.53,0.391,0.28977,0,0,0.11111111,10,1965
None,192.168.1.190,205.251.193.121,0.375,0.079607,0,0,0.11111111,4,1268
None,192.168.1.190,193.108.88.128,0.328,0.104134,0,0,0.11111111,9,1886
None,192.168.1.195,52.114.88.29,0.316,6.030754,0,0,0.11111111,5,352
None,192.168.1.195,::,0.287,35.17862,0,0,0.22222222,5,36399
None,192.168.1.190,199.7.83.42,0.268,0.131275,0,0,0.11111111,7,8028
None,192.168.1.180,220.158.215.21,0.5,0.151734,0,0,0.11111111,4,608
None,192.168.1.180,27.124.125.252,0.451,0.276222,0,0,0.11111111,4,608
None,192.168.1.180,13.55.50.68,0.449,0.049163,0,0,0.11111111,4,608
None,192.168.1.180,220.158.215.20,0.447,0.151159,0,0,0.33333334,4,608
None,192.168.1.190,208.84.0.53,0.438,0.323077,0,0,0.11111111,14,2662
None,192.168.1.180,103.76.40.123,0.414,0.073893,0,0,0.11111111,4,608
None,192.168.1.180,27.124.125.250,0.412,0.264763,0,0,0.11111111,4,608
None,192.168.1.190,192.58.128.30,0.367,0.066789,0,0,0.11111111,5,6250
None,192.168.1.180,103.38.120.36,0.473,0.105365,0,0,0.11111111,4,608
None,192.168.1.180,103.126.53.123,0.465,0.049324,0,0,0.11111111,4,608
None,192.168.1.180,103.76.40.123,0.391,0.056255,0,0,0.11111111,4,608
None,192.168.1.195,8.8.8.8,0.379,1.128276,0,0,0.11111111,5,1219
None,192.168.1.190,208.84.0.53,0.35,0.099087,0,0,0.11111111,4,872
None,192.168.1.190,91.189.91.139,0.482,1.598425,0,0,0.11111111,6,1657
None,192.168.1.180,27.124.125.250,0.481,0.276006,0,0,0.11111111,4,608
None,192.168.1.180,220.158.215.20,0.477,0.114555,0,0,0.33333334,4,532
None,192.168.1.180,220.158.215.21,0.452,0.172448,0,0,0.11111111,4,608
None,192.168.1.195,8.8.8.8,0.432,2.352615,0,0,0.11111111,11,2477
None,192.168.1.180,13.55.50.68,0.403,0.051431,0,0,0.11111111,4,608
None,192.168.1.180,27.124.125.252,0.396,0.280582,0,0,0.11111111,4,608
None,192.168.1.190,208.84.0.53,0.365,0.067576,0,0,0.11111111,4,675
None,192.168.1.190,193.108.88.128,0.342,0.061411,0,0,0.11111111,5,1096
None,192.168.1.190,192.33.14.30,0.307,0.067764,0,0,0.11111111,5,4281
None,192.168.1.180,220.158.215.20,0.5,0.165635,0,0,0.3,4,608
None,192.168.1.180,103.126.53.123,0.487,0.063781,0,0,0.1,4,608
None,192.168.1.180,13.55.50.68,0.486,0.068196,0,0,0.1,4,608
None,192.168.1.190,208.84.0.53,0.486,0.228816,0,0,0.1,10,2016
None,192.168.1.180,27.124.125.250,0.483,0.303483,0,0,0.1,4,608
None,192.168.1.195,8.8.8.8,0.462,2.766224,0,0,0.1,12,2842
None,192.168.1.180,103.76.40.123,0.435,0.062901,0,0,0.1,4,608
None,192.168.1.180,220.158.215.21,0.413,0.167803,0,0,0.1,4,608
None,192.168.1.180,27.124.125.252,0.398,0.283477,0,0,0.1,4,608
None,192.168.1.180,103.38.120.36,0.396,0.065414,0,0,0.1,4,608
None,192.168.1.190,193.108.88.128,0.322,0.067321,0,0,0.1,6,1319
None,192.168.1.180,103.126.53.123,0.486,0.080478,0,0,0.1,4,608
None,192.168.1.180,103.38.120.36,0.427,0.085417,0,0,0.1,4,608
None,192.168.1.195,8.8.8.8,0.423,0.785899,0,0,0.1,5,1315
None,192.168.1.180,199.15.83.22,0.366,4.242451,0,0,0.1,24,50400
None,192.168.1.195,13.107.5.88,0.163,255.5443,0,0,0.1,5,18282
None,192.168.1.180,185.135.155.221,0.5,9.94366,0,0,0.09090909,11,29088
None,192.168.1.190,219.233.28.126,0.5,0.895291,0,0,0.09090909,5,1017
None,192.168.1.190,182.98.160.80,0.5,1.632088,0,0,0.09090909,7,1184
None,192.168.1.190,210.187.85.237,0.5,1.705331,0,0,0.09090909,8,1328
None,192.168.1.190,66.174.0.3,0.5,2.03796,0,0,0.09090909,9,1506
None,192.168.1.180,193.59.201.49,0.5,3.951869,0,0,0.09090909,5,6902
None,192.168.1.190,91.195.240.126,0.5,0,0,0,0.09090909,5,387
None,192.168.1.180,202.11.16.169,0.5,6.495614,0,0,0.09090909,13,23828
None,192.168.1.180,192.228.29.2,0.5,4.406468,0,0,0.09090909,8,8028
None,192.168.1.180,192.0.32.59,0.5,182.53429,0,0,0.09090909,451,496944
None,192.168.1.180,194.225.70.77,0.5,6.705418,0,0,0.09090909,8,11408
None,192.168.1.190,117.45.170.33,0.5,1.241265,0,0,0.09090909,5,845
None,192.168.1.190,219.233.28.127,0.5,1.209454,0,0,0.09090909,7,1406
None,192.168.1.180,81.91.170.6,0.5,8.750443,0,0,0.09090909,12,16372
None,192.168.1.180,64.124.14.21,0.5,4.234049,0,0,0.09090909,6,24931
None,192.168.1.190,66.174.70.102,0.5,2.139468,0,0,0.09090909,8,1296
None,192.168.1.190,200.10.60.53,0.498,3.024994,0,0,0.09090909,9,4449
None,192.168.1.190,199.253.183.183,0.495,7.665994,0,0,0.09090909,44,21652
None,192.168.1.190,203.119.86.101,0.495,4.739952,0,0,0.09090909,188,99541
None,192.168.1.190,204.61.216.100,0.494,1.525511,0,0,0.09090909,103,74588
None,192.168.1.190,204.61.216.50,0.494,2.724339,0,0,0.09090909,172,110859
None,192.168.1.180,103.76.40.123,0.488,0.047996,0,0,0.09090909,4,532
None,192.168.1.190,137.192.240.5,0.479,0,0,0,0.09090909,9,714
None,192.168.1.38,::,0.478,3.646138,0,0,0.27272728,4,49913
None,192.168.1.180,200.160.2.3,0.471,15.578098,0,0,0.09090909,20,45168
None,192.168.1.190,192.0.32.252,0.465,1.05377,0,0,0.09090909,6,2094
None,192.168.1.190,159.136.224.27,0.458,0,0,0,0.09090909,10,786
None,192.168.1.190,192.5.6.30,0.458,1.601716,0,0,0.09090909,114,90605
None,192.168.1.34,52.59.177.21,0.457,86.134514,0,0,0.18181819,18,795400
None,192.168.1.190,192.0.36.252,0.454,1.011753,0,0,0.09090909,6,2783
None,192.168.1.180,220.158.215.20,0.443,0.153666,0,0,0.45454547,4,608
None,192.168.1.190,194.146.106.106,0.434,1.871848,0,0,0.09090909,16,11044
None,192.168.1.34,::,0.432,6.203351,0,0,0.27272728,6,615617
None,192.168.1.180,27.124.125.250,0.432,0.301254,0,0,0.09090909,4,608
None,192.168.1.190,202.12.31.53,0.432,0.332602,0,0,0.09090909,26,17651
None,192.168.1.190,195.207.101.3,0.429,0,0,0,0.09090909,16,1272
None,192.168.1.180,210.17.9.242,0.428,5.495744,0,0,0.09090909,9,5287
None,192.168.1.180,94.198.154.138,0.425,27.499277,0,0,0.09090909,28,32562
None,192.168.1.190,203.119.95.53,0.42,1.282943,0,0,0.09090909,53,37420
None,192.168.1.38,::,0.415,4.254625,0,0,0.27272728,4,420300
None,192.168.1.180,13.55.50.68,0.411,0.108174,0,0,0.09090909,4,532
None,192.168.1.190,192.0.47.252,0.402,0.93335,0,0,0.09090909,4,1396
None,192.168.1.180,144.122.95.250,0.399,10.019961,0,0,0.09090909,7,2916
None,192.168.1.180,52.213.35.32,0.399,6.355047,0,0,0.09090909,8,26548
None,192.168.1.180,220.158.215.21,0.398,0.160395,0,0,0.09090909,4,608
None,192.168.1.180,27.124.125.252,0.389,0.263962,0,0,0.09090909,4,608
None,192.168.1.180,203.119.78.157,0.388,57.71352,0,0,0.09090909,38,4560
None,192.168.1.190,192.35.51.30,0.385,3.072361,0,0,0.09090909,24,18970
None,192.168.1.190,192.12.94.30,0.381,2.641185,0,0,0.09090909,21,15453
None,192.168.1.190,65.22.199.1,0.373,0.166232,0,0,0.09090909,15,10892
None,192.168.1.190,203.119.26.3,0.37,0.806917,0,0,0.09090909,5,1178
None,192.168.1.190,128.63.2.53,0.359,2.194655,0,0,0.09090909,7,7370
None,192.168.1.190,192.82.134.30,0.355,0.534756,0,0,0.09090909,4,2480
None,192.168.1.190,204.69.234.1,0.349,0.527914,0,0,0.09090909,27,4886
None,192.168.1.180,52.214.250.69,0.345,9.467878,0,0,0.09090909,11,34978
None,192.168.1.180,131.130.199.90,0.342,5.885818,0,0,0.09090909,8,21576
None,192.168.1.190,192.5.5.241,0.339,0.573763,0,0,0.09090909,51,50902
None,192.168.1.190,192.41.162.30,0.335,4.235307,0,0,0.09090909,18,14254
None,192.168.1.190,192.42.93.30,0.329,2.476241,0,0,0.09090909,23,16927
None,192.168.1.190,202.30.124.100,0.327,0.933015,0,0,0.09090909,6,4019
None,192.168.1.190,192.54.112.30,0.327,2.457095,0,0,0.09090909,10,6506
None,192.168.1.190,192.52.178.30,0.325,3.363312,0,0,0.09090909,15,12660
None,192.168.1.190,192.112.36.4,0.322,0.824707,0,0,0.09090909,7,7551
None,192.168.1.190,193.0.9.9,0.321,2.063016,0,0,0.09090909,7,4727
None,192.168.1.190,192.26.92.30,0.321,0.765417,0,0,0.09090909,30,22568
None,192.168.1.190,193.0.14.129,0.318,0.409207,0,0,0.09090909,15,14262
None,192.168.1.190,193.0.9.6,0.315,2.039455,0,0,0.09090909,9,1478
None,192.168.1.190,202.12.27.33,0.315,1.279507,0,0,0.09090909,8,9005
None,192.168.1.190,198.41.0.4,0.31,1.040442,0,0,0.09090909,8,8511
None,192.168.1.190,192.33.14.30,0.299,1.178965,0,0,0.09090909,82,62549
None,192.168.1.190,193.0.9.1,0.298,4.350304,0,0,0.09090909,15,8644
None,192.168.1.190,192.33.4.12,0.297,1.377533,0,0,0.09090909,8,8734
None,192.168.1.180,64.69.216.61,0.285,9.587834,0,0,0.09090909,8,32417
None,192.168.1.190,199.43.134.53,0.282,1.972573,0,0,0.09090909,9,13286
None,192.168.1.180,199.15.83.22,0.281,1.850758,0,0,0.09090909,32,68728
None,192.168.1.190,199.212.0.53,0.281,5.009453,0,0,0.09090909,21,11832
None,192.168.1.190,200.3.13.14,0.274,3.35378,0,0,0.09090909,10,5728
None,192.168.1.180,218.241.97.11,0.268,5.224387,0,0,0.09090909,8,7523
None,192.168.1.190,196.216.169.10,0.266,4.778727,0,0,0.09090909,9,4773
None,192.168.1.190,199.7.91.13,0.266,0.5985,0,0,0.09090909,41,41410
None,192.168.1.190,192.36.148.17,0.264,1.250948,0,0,0.09090909,10,9647
None,192.168.1.190,203.119.26.1,0.257,0.810746,0,0,0.09090909,13,6332
None,192.168.1.180,192.30.45.30,0.254,8.71303,0,0,0.09090909,21,83314
None,192.168.1.190,192.203.230.10,0.253,0.670898,0,0,0.09090909,35,32583
None,192.168.1.190,192.58.128.30,0.245,0.7532,0,0,0.09090909,45,45638
None,192.168.1.190,192.228.79.201,0.244,1.966271,0,0,0.09090909,11,11072
None,192.168.1.190,199.43.135.53,0.233,3.614392,0,0,0.09090909,21,21224
None,192.168.1.190,199.7.83.42,0.223,0.556752,0,0,0.09090909,48,42690
None,192.168.1.180,192.34.234.30,0.214,6.087028,0,0,0.09090909,19,77005
